Title,atom,epub,epub-2,epub-3,htmlz,mobi,odt,pdf,pdf-a4,pdf-a5,pdf-a6,pdf-letter,rtf,txt,xhtml,Total
&quot;নব_জ্যামিতি&quot;র_ছড়া,0,0,0,1,0,0,0,0,0,0,0,0,0,0,0,1
Nur_Mohammad_Rabiul,0,1,0,0,0,0,0,0,0,0,0,0,0,0,0,1
অচলায়তন,0,6,0,1,0,1,0,0,0,0,0,0,1,1,0,10
অতলান্ত,0,26,0,0,0,24,0,0,0,13,0,0,0,0,0,63
অনুপমার_প্রেম,0,2,0,0,0,0,0,0,0,1,0,0,0,0,0,3
অনুপমার_প্রেম/প্রথম_পরিচ্ছেদ,0,1,0,0,0,0,0,0,0,0,0,0,0,0,0,1
অনুবাদ-চর্চ্চা,0,3,0,0,0,0,0,0,0,3,0,0,0,0,0,6
অনুবাদ:ভারতের_সংবিধান_(মূল_হস্তলিখিত_ও_অলঙ্কৃত_রূপ),0,1,0,0,0,0,0,0,0,0,0,0,0,0,0,1
অনুবাদ:ভারতের_সংবিধান_(মূল_হস্তলিখিত_ও_অলঙ্কৃত_রূপ)/প্রথম_অংশ,0,1,0,0,0,0,0,0,0,0,0,0,0,0,0,1
অনুবাদ_কবিতা,0,2,0,0,0,5,0,0,0,0,0,0,0,0,0,7
অনুবাদ_কবিতা/বিদায়,0,0,0,0,0,0,0,0,0,1,0,0,1,0,0,2
অনুবাদ_কবিতা/বিশ্বামিত্র_বিচিত্র_এ_লীলা,0,4,0,0,0,0,0,0,0,0,0,0,0,0,0,4
অনুবাদ_কবিতা/ম্যাক্‌‌বেথ্,0,0,0,0,0,0,0,0,0,3,0,0,0,0,0,3
অনূদিত_কবিতা,0,1,0,0,0,1,0,0,0,0,0,0,0,0,0,2
অন্তর্যামী,0,93,1,43,0,80,0,0,0,36,0,0,0,0,0,253
অন্তর্যামী/১,0,2,0,0,0,0,0,0,0,0,0,0,0,0,0,2
অন্তর্যামী/৪২,0,0,0,0,0,0,0,0,0,1,0,0,0,0,0,1
অন্তর্যামী_(শরৎচন্দ্র_চট্টোপাধ্যায়),0,1,0,0,0,0,0,0,0,1,0,0,0,0,0,2
অন্ত্যেষ্টি-সৎকার,0,6,0,0,0,0,0,0,0,1,0,0,0,0,0,7
অন্নদামঙ্গল,0,8,0,1,0,1,0,0,0,1,0,0,0,0,0,11
অন্নদামঙ্গল/গণেশ_বন্দনা,0,2,0,0,0,0,0,0,0,0,0,0,0,0,0,2
অন্নদামঙ্গল/গ্রন্থ_সূচনা,0,0,0,0,0,0,0,0,0,1,0,0,1,0,0,2
অন্নদামঙ্গল/রতির_বিলাপ,0,0,0,0,0,0,0,0,0,1,0,0,0,0,0,1
অন্নদামঙ্গল/শিব_বন্দনা,0,3,0,0,0,0,0,0,0,0,0,0,0,0,0,3
অন্নদামঙ্গল/শিবের_দক্ষালয়ে_যাত্রা,0,0,0,0,0,0,0,0,0,1,0,0,0,0,0,1
অন্নদামঙ্গল/সতীর_দক্ষালয়ে_গমনোদ্যোগ,0,1,0,0,0,0,0,0,0,0,0,0,0,0,0,1
অবরোধ_বাসিনী,0,3,0,1,0,3,0,0,0,1,0,0,1,0,0,9
অবরোধ_বাসিনী/২,0,1,0,0,0,0,0,0,0,0,0,0,0,0,0,1
অবাক_জলপান,0,10,0,1,0,2,0,0,0,2,0,0,1,1,0,17
অব্যক্ত,0,10,0,1,0,4,0,0,0,2,0,0,0,0,0,17
অব্যক্ত/অগ্নি_পরীক্ষা,0,0,0,0,0,0,0,0,0,1,0,0,1,1,0,3
অব্যক্ত/অদৃশ্য_আলোক,0,0,0,1,0,0,0,0,0,1,0,0,1,1,0,4
অব্যক্ত/আকাশ-স্পন্দন_ও_আকাশ-সম্ভব_জগৎ,0,0,0,0,0,0,0,0,0,0,0,0,1,1,0,2
অব্যক্ত/আহত_উদ্ভিদ,0,0,0,0,0,0,0,0,0,0,0,0,1,1,0,2
অব্যক্ত/উদ্ভিদের_জন্ম_ও_মৃত্যু,0,0,0,0,0,0,0,0,0,1,0,0,1,1,0,3
অব্যক্ত/গাছের_কথা,0,0,0,0,0,0,0,0,0,1,0,0,1,1,0,3
অব্যক্ত/দীক্ষা,0,0,0,0,0,0,0,0,0,0,0,0,1,1,0,2
অব্যক্ত/নবীন_ও_প্রবীণ,0,0,0,0,0,0,0,0,0,1,0,0,0,0,0,1
অব্যক্ত/নিবেদন,0,0,0,0,0,0,0,0,0,0,0,0,1,1,0,2
অব্যক্ত/নির্ব্বাক_জীবন,0,0,0,0,0,0,0,0,0,1,0,0,2,1,0,4
অব্যক্ত/পলাতক_তুফান,0,1,0,0,0,0,0,0,0,1,0,0,1,1,0,4
অব্যক্ত/বিজ্ঞানে_সাহিত্য,0,0,0,0,0,0,0,0,0,1,0,0,1,1,0,3
অব্যক্ত/বোধন,0,0,0,0,0,0,0,0,0,1,0,0,1,1,0,3
অব্যক্ত/ভাগীরথীর_উৎস-সন্ধানে,0,4,0,1,0,0,0,0,0,0,0,0,1,1,0,7
অব্যক্ত/মনন_ও_করণ,0,0,0,0,0,0,0,0,0,1,0,0,1,1,0,3
অব্যক্ত/মন্ত্রের_সাধন,0,0,0,0,0,0,0,0,0,1,0,0,1,1,0,3
অব্যক্ত/যুক্তকর,0,2,0,1,0,0,0,0,0,0,0,0,0,0,0,3
অব্যক্ত/রাণী-সন্দর্শন,0,0,0,0,0,2,0,0,0,1,0,0,1,1,0,5
অব্যক্ত/স্নায়ুসূত্রে_উত্তেজনা-প্রবাহ,0,0,0,0,0,0,0,0,0,0,0,0,1,1,0,2
অব্যক্ত/হাজির!,0,0,0,0,0,0,0,0,0,1,0,0,1,1,0,3
অভাগীর_স্বর্গ,0,14,0,1,0,1,0,0,0,2,0,0,1,0,0,19
অভিযান_(সুকান্ত_ভট্টাচার্যের_কবিতা),0,1,0,0,0,0,0,0,0,0,0,0,0,0,0,1
অভ্যর্থনা,0,2,0,0,0,0,0,0,0,1,0,0,0,0,0,3
অরক্ষণীয়া,0,1,0,0,0,0,0,0,0,1,0,0,0,0,0,2
অর্থনৈতিক_সামাজিক_ও_সাংস্কৃতিক_অধিকার_বিষয়ক_আন্তর্জাতিক_চুক্তি,0,34,0,0,0,21,0,0,0,16,0,0,0,0,0,71
আকাশ-প্রদীপ,0,3,0,0,0,5,0,0,0,2,0,0,0,0,0,10
আকাশ-প্রদীপ/কাঁচা_আম,0,0,0,0,0,1,0,0,0,0,0,0,0,0,0,1
আকাশলীনা,0,1,0,1,0,0,0,0,0,0,0,0,0,1,0,3
আত্মকথা_(শরৎচন্দ্র_চট্টোপাধ্যায়),0,1,0,0,0,0,0,0,0,1,0,0,0,0,0,2
আত্মপরিচয়,0,5,0,0,0,1,0,0,0,0,0,0,0,0,0,6
আত্মপরিচয়/১,0,1,0,0,0,0,0,0,0,0,0,0,0,0,0,1
আত্মপরিচয়/৪,0,0,0,0,0,0,0,0,0,1,0,0,0,0,0,1
আত্মশক্তি,0,4,0,0,0,4,0,0,0,0,0,0,0,0,0,8
আদর্শ_প্রশ্ন,0,2,0,0,0,2,0,0,0,2,0,0,0,0,0,6
আদর্শ_প্রশ্ন/প্রবেশিকা-পরীক্ষা,0,0,0,0,0,0,0,0,0,1,0,0,0,0,0,1
আধুনিক_সাহিত্য,0,1,0,0,0,1,0,0,0,0,0,0,0,0,0,2
আধুনিক_সাহিত্য/বিহারীলাল,0,0,0,0,0,0,0,0,0,2,0,0,0,0,0,2
আনন্দ-তুফান,0,1,0,0,0,0,0,0,0,0,0,0,0,0,0,1
আনন্দ_রহো,0,1,0,0,0,0,0,0,0,0,0,0,0,0,0,1
আনন্দমঠ,0,0,0,1,0,1,0,0,0,1,0,0,0,0,0,3
আনন্দমঠ/দ্বিতীয়_খণ্ড/দ্বিতীয়_পরিচ্ছেদ,0,1,0,0,0,0,0,0,0,0,0,0,0,0,0,1
আনন্দমঠ_(বঙ্কিম_শতবার্ষিক_সংস্করণ),0,0,0,0,0,0,0,0,0,1,0,0,0,0,0,1
আনন্দমঠ_(বঙ্কিম_শতবার্ষিক_সংস্করণ)/প্রথম_খণ্ড/দশম_পরিচ্ছেদ,0,0,0,1,0,0,0,0,0,0,0,0,0,0,0,1
আবোল_তাবোল,0,3,0,0,0,0,0,0,0,0,0,0,0,0,0,3
আবোল_তাবোল/আহ্লাদী,0,1,0,0,0,0,0,0,0,0,0,0,0,0,0,1
আবোল_তাবোল/কিম্ভূত,0,1,0,0,0,0,0,0,0,0,0,0,0,0,0,1
আবোল_তাবোল/খিচুড়ি,0,1,0,0,0,0,0,0,0,0,0,0,0,0,0,1
আবোল_তাবোল/খুড়োর_কল,0,1,0,0,0,0,0,0,0,0,0,0,0,0,0,1
আবোল_তাবোল/গল্প_বলা,0,0,0,0,0,0,0,0,0,1,0,0,0,0,0,1
আবোল_তাবোল/গোঁফ_চুরি,0,2,0,0,0,0,0,0,0,1,0,0,0,0,0,3
আবোল_তাবোল/ছায়াবাজি,0,1,0,0,0,0,0,0,0,0,0,0,0,0,0,1
আবোল_তাবোল/ন্যাড়া_বেলতলায়_যায়_ক’বার,0,0,0,0,0,0,0,0,0,1,0,0,0,0,0,1
আবোল_তাবোল/বোম্বাগড়ের_রাজা,0,0,0,0,0,1,0,0,0,0,0,0,0,0,0,1
আবোল_তাবোল/ভূতুড়ে_খেলা,0,0,0,0,0,0,0,0,0,0,0,0,0,1,0,1
আবোল_তাবোল/সৎ_পাত্র,0,0,0,0,0,0,0,0,0,2,0,0,0,0,0,2
আবোল_তাবোল/হাতুড়ে,0,1,0,0,0,0,0,0,0,0,0,0,0,0,0,1
আবোল_তাবোল/হুঁকোমুখো_হ্যাংলা,0,1,0,0,0,0,0,0,0,0,0,0,0,1,0,2
আমাদের_জাতীয়ভাব,0,4,0,0,0,2,0,0,0,0,0,0,0,0,0,6
আমায়_রাখতে_যদি_আপন_ঘরে,0,0,0,1,0,0,0,0,0,0,0,0,0,0,0,1
আমার_এই_পথ-চাওয়াতেই_আনন্দ,0,2,0,0,0,1,0,0,0,0,0,0,0,0,0,3
আমার_মাথা_নত_করে_দাও,0,3,0,0,0,0,0,0,0,0,0,0,0,0,0,3
আরণ্যক,0,13,0,3,0,1,0,0,0,0,0,0,0,2,0,19
আরণ্যক/অষ্টাদশ_পরিচ্ছেদ,0,4,0,1,0,0,0,0,0,2,0,0,1,2,0,10
আরণ্যক/প্রথম_পরিচ্ছেদ,0,0,0,0,0,1,0,0,0,0,0,0,0,1,0,2
আরণ্যক/প্রস্তাবনা,0,1,0,0,0,1,0,0,0,0,0,0,0,0,0,2
আরোগ্য,0,13,0,0,0,6,0,0,0,7,0,0,0,0,0,26
আরোগ্য_(রবীন্দ্রনাথ_ঠাকুর),0,3,0,0,0,3,0,0,0,1,0,0,0,0,0,7
আরোগ্য_(রবীন্দ্রনাথ_ঠাকুর)/১২,0,1,0,0,0,0,0,0,0,0,0,0,0,0,0,1
আর্য_ও_অনার্য,0,1,0,0,0,0,0,0,0,7,0,0,0,0,0,8
আলালের_ঘরের_দুলাল,0,1,0,4,0,0,0,0,0,4,0,0,0,0,0,9
আলালের_ঘরের_দুলাল/২,0,2,0,0,0,0,0,0,0,1,0,0,0,0,0,3
আলালের_ঘরের_দুলাল/২২,0,0,0,0,0,0,0,0,0,1,0,0,0,0,0,1
আলালের_ঘরের_দুলাল/২৪,0,0,0,0,0,0,0,0,0,1,0,0,0,0,0,1
আলালের_ঘরের_দুলাল/২৫,0,0,0,0,0,0,0,0,0,1,0,0,0,0,0,1
আলালের_ঘরের_দুলাল/২৬,0,0,0,0,0,0,0,0,0,1,0,0,0,0,0,1
আলালের_ঘরের_দুলাল/২৭,0,0,0,0,0,0,0,0,0,1,0,0,0,0,0,1
আলালের_ঘরের_দুলাল/২৮,0,0,0,0,0,0,0,0,0,1,0,0,0,0,0,1
আলালের_ঘরের_দুলাল/২৯,0,0,0,0,0,0,0,0,0,1,0,0,0,0,0,1
আলালের_ঘরের_দুলাল/৩,0,1,0,0,0,0,0,0,0,0,0,0,0,0,0,1
আলালের_ঘরের_দুলাল/৪,0,1,0,0,0,0,0,0,0,0,0,0,0,0,0,1
আলালের_ঘরের_দুলাল/৫,0,1,0,0,0,0,0,0,0,0,0,0,0,0,0,1
আলালের_ঘরের_দুলাল/৬,0,1,0,0,0,0,0,0,0,0,0,0,0,0,0,1
আলালের_ঘরের_দুলাল/৭,0,1,0,0,0,0,0,0,0,0,0,0,0,0,0,1
আলোচনা,0,1,0,0,0,3,0,0,0,2,0,0,0,0,0,6
আলোচনা/কথাবার্ত্তা,0,1,0,0,0,0,0,0,0,0,0,0,0,0,0,1
আশ্রমপীড়া,0,0,0,0,0,0,0,0,0,1,0,0,0,0,0,1
আশ্রমের_রূপ_ও_বিকাশ,0,2,0,0,0,5,0,0,0,1,0,0,0,0,0,8
আসার_আশায়,0,1,0,0,0,0,0,0,0,1,0,0,0,0,0,2
ইংরেজি-শ্রুতিশিক্ষা,0,1,0,0,0,1,0,0,0,2,0,0,0,0,0,4
ইঙ্গিত,0,117,0,0,0,68,0,0,0,30,0,0,0,1,0,216
ইঙ্গিত/বাইজী,0,1,0,0,0,0,0,0,0,0,0,0,0,0,0,1
ইঙ্গিত/স্বামী_স্ত্রী,0,0,0,0,0,1,0,0,0,0,0,0,0,0,0,1
ইয়ুরোপে_তিন_বৎসর,0,0,0,0,0,0,0,0,0,1,0,0,0,0,0,1
উঠ_গো_ভারত-লক্ষ্মী,0,4,0,0,0,1,0,0,0,1,0,0,1,1,0,8
উপবাস,0,0,0,1,0,1,0,0,0,0,0,0,0,0,0,2
ঊর্ম্মিমুখর,0,1,0,0,0,1,0,0,0,0,0,0,0,0,0,2
এই_কি_ব্রাহ্ম_বিবাহ,0,4,0,0,0,2,0,0,0,2,0,0,0,0,0,8
একঘরে,0,35,0,1,0,22,0,0,0,8,0,0,0,0,0,66
একাদশী_বৈরাগী,0,3,0,0,0,0,0,0,0,1,0,0,0,0,0,4
একান্নবর্তী,0,1,0,0,0,0,0,0,0,2,0,0,0,0,0,3
এতদ্দেশীয়_স্ত্রীলোকদিগের_পূর্ব্বাবস্থা,0,18,0,1,0,2,0,0,0,2,0,0,0,0,0,23
এতদ্দেশীয়_স্ত্রীলোকদিগের_পূর্ব্বাবস্থা/কৌশল্যা,0,1,0,0,0,0,0,0,0,0,0,0,0,0,0,1
ঐতিহাসিক_চিত্র/১৩১১/ভাদ্র/জাতীয়_ইতিহাস_চর্চ্চার_ফল,0,0,0,0,0,0,0,0,0,2,0,0,0,0,0,2
ঔপনিষদ_ব্রহ্ম,0,7,0,1,0,3,0,0,0,0,0,0,0,0,0,11
কড়ি_ও_কোমল,0,5,0,0,0,2,0,0,0,1,0,0,0,0,0,8
কণিকা,0,16,0,0,0,7,0,0,0,3,0,0,0,0,0,26
কণিকা/অকর্মার_বিভ্রাট,0,0,0,0,0,0,0,0,0,1,0,0,0,0,0,1
কণিকা/অকৃতজ্ঞ,0,0,0,0,0,0,0,0,0,1,0,0,0,0,0,1
কণিকা/অচেতন_মাহাত্ম্য,0,0,0,0,0,0,0,0,0,1,0,0,0,0,0,1
কণিকা/অদৃশ্য_কারণ,0,0,0,0,0,0,0,0,0,1,0,0,0,0,0,1
কণিকা/অধিকার,0,0,0,0,0,0,0,0,0,1,0,0,0,0,0,1
কণিকা/অনাবশ্যকের_আবশ্যকতা,0,0,0,0,0,0,0,0,0,1,0,0,0,0,0,1
কণিকা/অনুরাগ_ও_বৈরাগ্য,0,0,0,0,0,0,0,0,0,1,0,0,0,0,0,1
কণিকা/অপরিবর্তনীয়,0,0,0,0,0,0,0,0,0,1,0,0,0,0,0,1
কণিকা/অপরিহরণীয়,0,0,0,0,0,0,0,0,0,1,0,0,0,0,0,1
কণিকা/অযোগ্যের_উপহাস,0,0,0,0,0,0,0,0,0,1,0,0,0,0,0,1
কণিকা/অল্প_জানা_ও_বেশি_জানা,0,0,0,0,0,0,0,0,0,1,0,0,0,0,0,1
কণিকা/অসম্পূর্ণ_সংবাদ,0,0,0,0,0,0,0,0,0,1,0,0,0,0,0,1
কণিকা/অসম্ভব_ভালো,0,0,0,0,0,0,0,0,0,1,0,0,0,0,0,1
কণিকা/অসাধ্য_চেষ্টা,0,0,0,0,0,0,0,0,0,1,0,0,0,0,0,1
কণিকা/অস্ফুট_ও_পরিস্ফুট,0,0,0,0,0,0,0,0,0,1,0,0,0,0,0,1
কণিকা/আকাঙ্ক্ষা,0,0,0,0,0,0,0,0,0,1,0,0,0,0,0,1
কণিকা/আত্মশত্রুতা,0,0,0,0,0,0,0,0,0,1,0,0,0,0,0,1
কণিকা/আদিরহস্য,0,0,0,0,0,0,0,0,0,1,0,0,0,0,0,1
কণিকা/আরম্ভ_ও_শেষ,0,0,0,0,0,0,0,0,0,1,0,0,0,0,0,1
কণিকা/ঈর্ষার_সন্দেহ,0,0,0,0,0,0,0,0,0,1,0,0,0,0,0,1
কণিকা/উচ্চের_প্রয়োজন,0,1,0,0,0,0,0,0,0,1,0,0,0,0,0,2
কণিকা/উদারচরিতানাম্,0,0,0,0,0,0,0,0,0,1,0,0,0,0,0,1
কণিকা/উপলক্ষ্য,0,0,0,0,0,0,0,0,0,1,0,0,0,0,0,1
কণিকা/এক_পরিণাম,0,1,0,0,0,0,0,0,0,1,0,0,0,0,0,2
কণিকা/একই_পথ,0,0,0,0,0,0,0,0,0,1,0,0,0,0,0,1
কণিকা/একতর্‌ফা_হিসাব,0,0,0,0,0,0,0,0,0,1,0,0,0,0,0,1
কণিকা/কর্তব্যগ্রহণ,0,0,0,0,0,0,0,0,0,1,0,0,0,0,0,1
কণিকা/কলঙ্কব্যবসায়ী,0,0,0,0,0,0,0,0,0,1,0,0,0,0,0,1
কণিকা/কাকঃ_কাকঃ_পিকঃ_পিকঃ,0,0,0,0,0,0,0,0,0,1,0,0,0,0,0,1
কণিকা/কীটের_বিচার,0,0,0,0,0,0,0,0,0,1,0,0,0,0,0,1
কণিকা/কুটুম্বিতাবিচার,0,0,0,0,0,0,0,0,0,1,0,0,0,0,0,1
কণিকা/কুয়াশার_আক্ষেপ,0,0,0,0,0,0,0,0,0,1,0,0,0,0,0,1
কণিকা/কৃতীর_প্রমাদ,0,0,0,0,0,0,0,0,0,1,0,0,0,0,0,1
কণিকা/ক্ষুদ্রের_দম্ভ,0,0,0,0,0,0,0,0,0,1,0,0,0,0,0,1
কণিকা/খেলেনা,0,0,0,0,0,0,0,0,0,1,0,0,0,0,0,1
কণিকা/গদ্য_ও_পদ্য,0,0,0,0,0,0,0,0,0,1,0,0,0,0,0,1
কণিকা/গরজের_আত্মীয়তা,0,0,0,0,0,0,0,0,0,1,0,0,0,0,0,1
কণিকা/গালির_ভঙ্গী,0,0,0,0,0,0,0,0,0,1,0,0,0,0,0,1
কণিকা/গুণজ্ঞ,0,0,0,0,0,0,0,0,0,1,0,0,0,0,0,1
কণিকা/গ্রহণে_ও_দানে,0,0,0,0,0,0,0,0,0,1,0,0,0,0,0,1
কণিকা/চালক,0,0,0,0,0,0,0,0,0,1,0,0,0,0,0,1
কণিকা/চিরনবীনতা,0,0,0,0,0,0,0,0,0,1,0,0,0,0,0,1
কণিকা/চুরি-নিবারণ,0,0,0,0,0,0,0,0,0,1,0,0,0,0,0,1
কণিকা/ছলনা,0,0,0,0,0,0,0,0,0,1,0,0,0,0,0,1
কণিকা/জীবন,0,0,0,0,0,0,0,0,0,1,0,0,0,0,0,1
কণিকা/জ্ঞানের_দৃষ্টি_ও_প্রেমের_সম্ভোগ,0,0,0,0,0,0,0,0,0,1,0,0,0,0,0,1
কণিকা/তন্নষ্টং_যন্ন_দীয়তে,0,0,0,0,0,0,0,0,0,1,0,0,0,0,0,1
কণিকা/দানরিক্ত,0,0,0,0,0,0,0,0,0,1,0,0,0,0,0,1
কণিকা/দীনের_দান,0,0,0,0,0,0,0,0,0,1,0,0,0,0,0,1
কণিকা/ধ্রুব_সত্য,0,2,0,0,0,0,0,0,0,1,0,0,0,0,0,3
কণিকা/ধ্রুবাণি_তস্য_নশ্যন্তি,0,0,0,0,0,0,0,0,0,1,0,0,0,0,0,1
কণিকা/নতিস্বীকার,0,0,0,0,0,0,0,0,0,1,0,0,0,0,0,1
কণিকা/নদীর_প্রতি_খাল,0,0,0,0,0,0,0,0,0,1,0,0,0,0,0,1
কণিকা/নম্রতা,0,0,0,0,0,0,0,0,0,1,0,0,0,0,0,1
কণিকা/নিজের_ও_সাধারণের,0,0,0,0,0,0,0,0,0,1,0,0,0,0,0,1
কণিকা/নিন্দুকের_দুরাশা,0,0,0,0,0,0,0,0,0,1,0,0,0,0,0,1
কণিকা/নিরাপদ_নীচতা,0,0,0,0,0,0,0,0,0,1,0,0,0,0,0,1
কণিকা/নূতন_ও_সনাতন,0,0,0,0,0,0,0,0,0,2,0,0,0,0,0,2
কণিকা/নূতন_চাল,0,0,0,0,0,0,0,0,0,1,0,0,0,0,0,1
কণিকা/পর_ও_আত্মীয়,0,0,0,0,0,0,0,0,0,1,0,0,0,0,0,1
কণিকা/পরবিচারে_গৃহভেদ,0,0,0,0,0,0,0,0,0,1,0,0,0,0,0,1
কণিকা/পরস্পর,0,0,0,0,0,0,0,0,0,1,0,0,0,0,0,1
কণিকা/পরিচয়,0,0,0,0,0,0,0,0,0,1,0,0,0,0,0,1
কণিকা/পরের_কর্মবিচার,0,0,0,0,0,0,0,0,0,1,0,0,0,0,0,1
কণিকা/প্রকারভেদ,0,0,0,0,0,0,0,0,0,1,0,0,0,0,0,1
কণিকা/প্রতাপের_তাপ,0,0,0,0,0,0,0,0,0,1,0,0,0,0,0,1
কণিকা/প্রত্যক্ষ_প্রমাণ,0,0,0,0,0,0,0,0,0,1,0,0,0,0,0,1
কণিকা/প্রবীণ_ও_নবীন,0,0,0,0,0,0,0,0,0,1,0,0,0,0,0,1
কণিকা/প্রভেদ,0,0,0,1,0,0,0,0,0,1,0,0,0,0,0,2
কণিকা/প্রশ্নের_অতীত,0,0,0,0,0,0,0,0,0,1,0,0,0,0,0,1
কণিকা/ফুল_ও_ফল,0,0,0,0,0,0,0,0,0,1,0,0,0,0,0,1
কণিকা/বলের_অপেক্ষা_বলী,0,0,0,0,0,0,0,0,0,1,0,0,0,0,0,1
কণিকা/বস্ত্রহরণ,0,0,0,0,0,0,0,0,0,1,0,0,0,0,0,1
কণিকা/বিফল_নিন্দা,0,0,0,0,0,0,0,0,0,1,0,0,0,0,0,1
কণিকা/বিরাম,0,0,0,0,0,0,0,0,0,1,0,0,0,0,0,1
কণিকা/ভক্তি_ও_অতিভক্তি,0,0,0,0,0,0,0,0,0,1,0,0,0,0,0,1
কণিকা/ভক্তিভাজন,0,2,0,0,0,0,0,0,0,1,0,0,0,0,0,3
কণিকা/ভার,0,0,0,0,0,0,0,0,0,1,0,0,0,0,0,1
কণিকা/ভালো_মন্দ,0,0,0,0,0,0,0,0,0,1,0,0,0,0,0,1
কণিকা/ভিক্ষা_ও_উপার্জন,0,0,0,0,0,0,0,0,0,1,0,0,0,0,0,1
কণিকা/মহতের_দুঃখ,0,0,0,0,0,0,0,0,0,1,0,0,0,0,0,1
কণিকা/মাঝারির_সতর্কতা,0,0,0,0,0,0,0,0,0,1,0,0,0,0,0,1
কণিকা/মূল,0,0,0,0,0,0,0,0,0,1,0,0,0,0,0,1
কণিকা/মৃত্যু,0,0,0,0,0,0,0,0,0,1,0,0,0,0,0,1
কণিকা/মোহ,0,0,0,0,0,0,0,0,0,1,0,0,0,0,0,1
কণিকা/মোহের_আশঙ্কা,0,0,0,0,0,0,0,0,0,1,0,0,0,0,0,1
কণিকা/যথাকর্তব্য,0,0,0,0,0,0,0,0,0,1,0,0,0,0,0,1
কণিকা/যথার্থ_আপন,0,0,0,0,0,0,0,0,0,2,0,0,0,0,0,2
কণিকা/রাষ্ট্রনীতি,0,0,0,0,0,0,0,0,0,1,0,0,0,0,0,1
কণিকা/শক্তির_শক্তি,0,0,0,0,0,1,0,0,0,1,0,0,0,0,0,2
কণিকা/শক্তির_সীমা,0,0,0,0,0,0,0,0,0,1,0,0,0,0,0,1
কণিকা/শক্তের_ক্ষমা,0,0,0,0,0,0,0,0,0,1,0,0,0,0,0,1
কণিকা/শত্রুতাগৌরব,0,0,0,0,0,0,0,0,0,1,0,0,0,0,0,1
কণিকা/সজ্ঞান_আত্মবিসর্জন,0,0,0,0,0,0,0,0,0,1,0,0,0,0,0,1
কণিকা/সত্যের_আবিষ্কার,0,0,0,0,0,0,0,0,0,1,0,0,0,0,0,1
কণিকা/সত্যের_সংযম,0,0,0,0,0,0,0,0,0,1,0,0,0,0,0,1
কণিকা/সন্দেহের_কারণ,0,0,0,0,0,0,0,0,0,1,0,0,0,0,0,1
কণিকা/সমালোচক,0,0,0,0,0,0,0,0,0,1,0,0,0,0,0,1
কণিকা/সাম্যনীতি,0,0,0,0,0,0,0,0,0,1,0,0,0,0,0,1
কণিকা/সুখদুঃখ,0,1,0,0,0,0,0,0,0,1,0,0,0,0,0,2
কণিকা/সুসময়,0,0,0,0,0,0,0,0,0,1,0,0,0,0,0,1
কণিকা/সৌন্দর্যের_সংযম,0,0,0,0,0,0,0,0,0,1,0,0,0,0,0,1
কণিকা/স্তুতি_নিন্দা,0,0,0,0,0,0,0,0,0,1,0,0,0,0,0,1
কণিকা/স্পর্ধা,0,0,0,0,0,0,0,0,0,1,0,0,0,0,0,1
কণিকা/স্পষ্ট_সত্য,0,0,0,0,0,0,0,0,0,1,0,0,0,0,0,1
কণিকা/স্পষ্টভাষী,0,0,0,0,0,0,0,0,0,1,0,0,0,0,0,1
কণিকা/স্বদেশদ্বেষী,0,0,0,0,0,0,0,0,0,1,0,0,0,0,0,1
কণিকা/স্বাধীনতা,0,0,0,0,0,0,0,0,0,1,0,0,0,0,0,1
কণিকা/হাতে_কলমে,0,0,0,0,0,0,0,0,0,1,0,0,0,0,0,1
কণিকা/হার-জিত,0,0,0,0,0,0,0,0,0,1,0,0,0,0,0,1
কথা,0,1,0,0,0,4,0,0,0,4,0,0,0,0,0,9
কথা/প্রার্থনাতীত_দান,0,1,0,0,0,0,0,0,0,0,0,0,0,0,0,1
কথা/ব্রাহ্মণ,0,2,0,0,0,0,0,0,0,1,0,0,0,1,0,4
কথা/মস্তকবিক্রয়,0,0,0,0,0,0,0,0,0,0,0,0,0,1,0,1
কথা/মানী,0,2,0,0,0,1,0,0,0,0,0,0,0,0,0,3
কথা_ও_কাহিনী,0,6,0,1,0,9,0,0,0,5,0,0,0,0,0,21
কথোপকথন,0,21,0,0,0,9,0,0,0,5,0,0,0,1,0,36
কথোপকথন/চাকর_ভাড়াকরণ,0,1,0,0,0,0,0,0,0,2,0,0,0,0,0,3
কথোপকথন/সাহেব_ও_মুনসি,0,0,0,0,0,0,0,0,0,2,0,0,0,0,0,2
কথোপকথন/সাহেবের_হুকুম,0,1,0,0,0,0,0,0,0,0,0,0,0,0,0,1
কথোপকথন/হাটের_বিষয়ে,0,1,0,0,0,0,0,0,0,0,0,0,0,0,0,1
কপালকুণ্ডলা,0,11,0,4,0,2,0,0,0,4,0,0,0,0,0,21
কপালকুণ্ডলা/চতুর্থ_খণ্ড,0,7,0,0,0,0,0,0,0,0,0,0,0,0,0,7
কপালকুণ্ডলা/তৃতীয়_খণ্ড,0,16,0,0,0,0,0,0,0,0,0,0,0,0,0,16
কপালকুণ্ডলা/দ্বিতীয়_খণ্ড,0,4,0,0,0,1,0,0,0,0,0,0,0,0,0,5
কপালকুণ্ডলা/প্রথম_খণ্ড,0,11,0,0,0,1,0,0,0,1,0,0,0,0,0,13
কবি-কাহিনী,0,7,0,0,0,6,0,0,0,1,0,0,1,0,0,15
কবি-কাহিনী/প্রথম_সর্গ,0,0,0,0,0,0,0,0,0,3,0,0,0,0,0,3
কবিকঙ্কণ_চণ্ডী,0,0,0,1,0,0,0,0,0,0,0,0,0,0,0,1
কবিতাবলী_(হেমচন্দ্র_বন্দ্যোপাধ্যায়),0,9,0,0,0,4,0,0,0,0,0,0,0,1,0,14
কবিতাবলী_(হেমচন্দ্র_বন্দ্যোপাধ্যায়)/জীবন_সঙ্গীত,0,0,0,0,0,0,0,0,0,0,0,0,0,1,0,1
কমলাকান্ত,0,3,0,1,0,0,0,0,0,0,0,0,0,1,0,5
কমলাকান্ত-পদাবলি/আমি_কি_হেরিলাম_নিশি-স্বপনে,0,0,0,0,0,0,0,0,0,0,0,0,0,1,0,1
কমলাকান্তের_দপ্তর,0,5,0,0,0,5,0,0,0,3,0,0,0,0,0,13
কমলাকান্তের_দপ্তর/ত্রয়োদশ_সংখ্যা,0,1,0,0,0,0,0,0,0,0,0,0,0,0,0,1
কমলাকান্তের_দপ্তর_(দ্বিতীয়_সংস্করণ),0,6,0,2,0,4,0,0,0,10,0,0,0,0,0,22
কমলাকান্তের_দপ্তর_(দ্বিতীয়_সংস্করণ)/অষ্টম_সংখ্যা,0,0,0,0,0,0,0,0,0,1,0,0,0,0,0,1
কমলাকান্তের_দপ্তর_(দ্বিতীয়_সংস্করণ)/একাদশ_সংখ্যা,0,0,0,0,0,0,0,0,0,1,0,0,0,0,0,1
কমলাকান্তের_দপ্তর_(দ্বিতীয়_সংস্করণ)/চতুর্থ_সংখ্যা,0,0,0,0,0,0,0,0,0,1,0,0,0,0,0,1
কমলাকান্তের_দপ্তর_(দ্বিতীয়_সংস্করণ)/তৃতীয়_সংখ্যা,0,0,0,0,0,0,0,0,0,2,0,0,0,0,0,2
কমলাকান্তের_দপ্তর_(দ্বিতীয়_সংস্করণ)/ত্রয়োদশ_সংখ্যা,0,2,0,0,0,0,0,0,0,1,0,0,0,0,0,3
কমলাকান্তের_দপ্তর_(দ্বিতীয়_সংস্করণ)/দশম_সংখ্যা,0,0,0,0,0,0,0,0,0,1,0,0,0,0,0,1
কমলাকান্তের_দপ্তর_(দ্বিতীয়_সংস্করণ)/দ্বাদশ_সংখ্যা,0,0,0,0,0,0,0,0,0,1,0,0,0,0,0,1
কমলাকান্তের_দপ্তর_(দ্বিতীয়_সংস্করণ)/দ্বিতীয়_সংখ্যা,0,7,0,0,0,0,0,0,0,1,0,0,0,0,0,8
কমলাকান্তের_দপ্তর_(দ্বিতীয়_সংস্করণ)/পঞ্চম_সংখ্যা,0,0,0,0,0,0,0,0,0,1,0,0,0,0,0,1
কমলাকান্তের_দপ্তর_(দ্বিতীয়_সংস্করণ)/প্রথম_সংখ্যা,0,3,0,0,0,1,0,0,0,1,0,0,0,0,0,5
কমলাকান্তের_দপ্তর_(দ্বিতীয়_সংস্করণ)/ষষ্ঠ_সংখ্যা,0,0,0,0,0,0,0,0,0,1,0,0,0,0,0,1
কমলাকান্তের_দপ্তর_(দ্বিতীয়_সংস্করণ)/সপ্তম_সংখ্যা,0,1,0,0,0,0,0,0,0,1,0,0,0,0,0,2
কলিকাতা_কল্পলতা,0,7,0,2,0,1,0,0,0,1,0,0,0,0,0,11
কলিকাতা_কল্পলতা/সপ্তম_অধ্যায়,0,1,0,0,0,0,0,0,0,0,0,0,0,0,0,1
কলিকাতার_পুরাতন_কাহিনী_ও_প্রথা-মহেন্দ্রনাথ_দত্ত.pdf,0,0,0,0,0,0,0,0,0,1,0,0,0,0,0,1
কল্পনা,0,10,0,1,0,2,0,0,0,5,0,0,0,0,0,18
কল্পনা/দুঃসময়,0,3,0,0,0,0,0,0,0,0,0,0,0,0,0,3
কল্পনা/পসারিনী,0,0,0,0,0,0,0,0,0,1,0,0,0,0,0,1
কল্পনা/বৈশাখ,0,0,0,0,0,0,0,0,0,1,0,0,0,0,0,1
কল্পনা/মার্জনা,0,0,0,0,0,0,0,0,0,1,0,0,0,0,0,1
কল্পনা/সকরুণা,0,0,0,1,0,0,0,0,0,0,0,0,0,0,0,1
কাগজের_নৌকা,0,0,0,1,0,0,0,0,0,0,0,0,1,0,0,2
কাদম্বরী,0,8,0,1,0,8,0,0,0,2,0,0,0,1,0,20
কাদম্বরী/উপসংহার-২,0,0,0,0,0,0,0,0,0,1,0,0,0,0,0,1
কাদম্বরী/কথারম্ভ-১,0,0,0,0,0,0,0,0,0,1,0,0,0,0,0,1
কানকাটা,0,1,0,0,0,0,0,0,0,1,0,0,0,0,0,2
কানে_খাটো_বংশীধর,0,1,0,0,0,0,0,0,0,0,0,0,0,0,0,1
কালমৃগয়া,0,2,0,0,0,0,0,0,0,1,0,0,0,0,0,3
কালান্তর,0,8,0,0,0,5,0,0,0,0,0,0,1,0,0,14
কালান্তর/কর্তার_ইচ্ছায়_কর্ম,0,1,0,0,0,0,0,0,0,5,0,0,0,0,0,6
কালান্তর/কালান্তর,0,1,0,0,0,0,0,0,0,1,0,0,0,0,0,2
কালান্তর/চরকা,0,1,0,0,0,0,0,0,0,1,0,0,0,0,0,2
কালান্তর/ছোটো_ও_বড়ো,0,1,0,0,0,0,0,0,0,1,0,0,0,0,0,2
কালান্তর/নারী,0,1,0,0,0,0,0,0,0,3,0,0,0,0,0,4
কালান্তর/বাতায়নিকের_পত্র,0,3,0,0,0,0,0,0,0,3,0,0,0,0,0,6
কালান্তর/বিবেচনা_ও_অবিবেচনা,0,1,0,0,0,0,0,0,0,4,0,0,0,0,0,5
কালান্তর/বৃহত্তর_ভারত,0,1,0,0,0,0,0,0,0,4,0,0,0,0,0,5
কালান্তর/রবীন্দ্রনাথের_রাষ্ট্রনৈতিক_মত,0,3,0,0,0,0,0,0,0,2,0,0,0,0,0,5
কালান্তর/রায়তের_কথা,0,1,0,0,0,0,0,0,0,3,0,0,0,0,0,4
কালান্তর/লড়াইয়ের_মূল,0,1,0,0,0,0,0,0,0,1,0,0,0,0,0,2
কালান্তর/লোকহিত,0,5,0,0,0,0,0,0,0,7,0,0,0,0,0,12
কালান্তর/শক্তিপূজা,0,1,0,0,0,0,0,0,0,3,0,0,0,0,0,4
কালান্তর/শিক্ষার_মিলন,0,1,0,0,0,0,0,0,0,7,0,0,0,0,0,8
কালান্তর/শূদ্রধর্ম,0,1,0,0,0,0,0,0,0,6,0,0,0,0,0,7
কালান্তর/সত্যের_আহ্বান,0,1,0,0,0,0,0,0,0,5,0,0,0,0,0,6
কালান্তর/সমস্যা,0,1,0,0,0,0,0,0,0,1,0,0,0,0,0,2
কালান্তর/সমাধান,0,1,0,0,0,0,0,0,0,4,0,0,0,0,0,5
কালান্তর/স্বরাজসাধন,0,2,0,0,0,0,0,0,0,5,0,0,0,0,0,7
কালান্তর/স্বাধিকারপ্রমত্তঃ,0,1,0,0,0,0,0,0,0,3,0,0,0,0,0,4
কালান্তর/স্বামী_শ্রদ্ধানন্দ,0,1,0,0,0,0,0,0,0,2,0,0,0,0,0,3
কালান্তর/হিন্দুমুসলমান,0,1,0,0,0,0,0,0,0,1,0,0,0,0,0,2
কালান্তর/হিন্দুমুসলমান_(চিঠি),0,1,0,0,0,0,0,0,0,4,0,0,0,0,0,5
কাশীদাসী_মহাভারত,0,10,0,0,0,0,0,0,0,2,0,0,0,0,0,12
কিন্নর_দল,0,2,0,0,0,0,0,0,0,0,0,0,0,0,0,2
কিশোরদের_মন,0,43,0,0,0,24,0,0,0,15,0,0,0,0,0,82
কিশোরদের_মন/প্রথম_পরিচ্ছেদ,0,0,0,0,0,1,0,0,0,3,0,0,0,0,0,4
কিশোরদের_মন/সপ্তম_পরিচ্ছেদ,0,1,0,0,0,0,0,0,0,0,0,0,0,0,0,1
কুড়ি_বছর_পরে,0,6,0,0,0,1,0,0,0,2,0,0,0,0,0,9
কুমার_সম্ভব,0,20,0,0,0,8,0,0,0,2,0,0,0,0,0,30
কুমার_সম্ভব/চতুর্থ_সর্গ,0,9,0,0,0,0,0,0,0,0,0,0,0,0,0,9
কুমার_সম্ভব/তৃতীয়_সর্গ,0,8,0,0,0,0,0,0,0,0,0,0,0,0,0,8
কুমার_সম্ভব/দ্বিতীয়_সর্গ,0,3,0,0,0,0,0,0,0,0,0,0,0,0,0,3
কুমার_সম্ভব/পঞ্চম_সর্গ,0,3,0,0,0,0,0,0,0,0,0,0,0,0,0,3
কুমার_সম্ভব/প্রথম_সর্গ,0,0,0,0,0,1,0,0,0,0,0,0,0,0,0,1
কুমার_সম্ভব/ষষ্ঠ_সর্গ,0,4,0,0,0,0,0,0,0,0,0,0,0,0,0,4
কুমার_সম্ভব/সপ্তম_সর্গ,0,3,0,0,0,0,0,0,0,0,0,0,0,0,0,3
কৃত্তিবাস_স্মৃতিচিহ্ন_স্থাপন,0,62,0,0,0,34,0,0,0,19,0,0,1,0,0,116
কৃষ্ণকান্তের_উইল,0,7,0,3,0,1,0,0,0,1,0,0,0,1,0,13
কৃষ্ণকান্তের_উইল/দ্বিতীয়_খণ্ড,0,6,0,0,0,0,0,0,0,1,0,0,0,0,0,7
কৃষ্ণকান্তের_উইল/পরিশিষ্ট,0,7,0,0,0,0,0,0,0,1,0,0,0,0,0,8
কৃষ্ণকান্তের_উইল/প্রথম_খণ্ড,0,5,0,1,0,0,0,0,0,0,0,0,0,0,0,6
কোর্‌-আন্‌_শরীফ,0,3,0,0,0,0,0,0,0,2,0,0,0,0,0,5
ক্লিওপেট্রা,0,13,0,2,0,9,0,0,0,0,0,0,0,0,0,24
ক্ষীরের_পুতুল,0,7,0,2,0,7,0,0,0,2,0,0,0,0,0,18
ক্ষেতে_প্রান্তরে,0,0,0,1,0,0,0,0,0,0,0,0,0,0,0,1
খাই_খাই_(ছড়া),0,1,0,0,0,0,0,0,0,0,0,0,0,0,0,1
খাপছাড়া,0,6,0,0,0,5,0,0,0,1,0,0,0,0,0,12
খাপছাড়া/অল্পেতে_খুশি_হবে_দামোদর_শেঠ_কি,0,7,0,0,0,0,0,0,0,0,0,0,0,0,0,7
খাপছাড়া/আয়না_দেখেই_চমকে_বলে,0,1,0,0,0,0,0,0,0,0,0,0,0,0,0,1
খাপছাড়া/উৎসর্গ_(খাপছাড়া),0,0,0,0,0,0,0,0,0,1,0,0,0,0,0,1
খৃষ্ট,0,4,0,0,0,2,0,0,0,5,0,0,0,0,0,11
খ্যাতির_বিড়ম্বনা,0,27,0,3,0,1,0,0,0,8,0,0,0,1,0,40
গণপ্রজাতন্ত্রী_বাংলাদেশের_সংবিধান,0,1,0,0,0,0,0,0,0,0,0,0,0,0,0,1
গণপ্রজাতন্ত্রী_বাংলাদেশের_সংবিধান/প্রথম_ভাগ,0,0,0,0,0,0,0,0,0,1,0,0,0,0,0,1
গণপ্রজাতন্ত্রী_বাংলাদেশের_সংবিধান/প্রস্তাবনা,0,0,0,0,0,0,0,0,0,0,0,0,0,1,0,1
গরিলা,0,0,0,0,0,1,0,0,0,0,0,0,0,0,0,1
গল্পগুচ্ছ,0,27,0,2,0,2,0,0,0,0,0,0,1,1,0,33
গল্পগুচ্ছ/অতিথি,0,1,0,0,0,0,0,0,0,0,0,0,0,0,0,1
গল্পগুচ্ছ/অপরিচিতা,0,2,0,0,0,0,0,0,0,0,0,0,0,0,0,2
গল্পগুচ্ছ/ইচ্ছাপূরণ,0,3,0,1,0,0,0,0,0,0,0,0,0,0,0,4
গল্পগুচ্ছ/একরাত্রি,0,27,0,0,0,0,0,0,0,3,0,0,0,0,0,30
গল্পগুচ্ছ/কাবুলিওয়ালা,0,0,0,0,0,0,0,0,0,0,0,0,0,1,0,1
গল্পগুচ্ছ/ক্ষুধিত_পাষাণ,0,6,0,0,0,0,0,0,0,0,0,0,0,0,0,6
গল্পগুচ্ছ/গিন্নি,0,1,0,0,0,0,0,0,0,0,0,0,0,0,0,1
গল্পগুচ্ছ/ঘাটের_কথা,0,2,0,0,0,0,0,0,0,0,0,0,0,0,0,2
গল্পগুচ্ছ/ছুটি,0,1,0,0,0,0,0,0,0,0,0,0,0,0,0,1
গল্পগুচ্ছ/দিদি,0,0,0,0,0,0,0,0,0,0,0,0,1,0,0,1
গল্পগুচ্ছ/নষ্টনীড়,0,4,0,0,0,0,0,0,0,0,0,0,1,0,0,5
গল্পগুচ্ছ/নিশীথে,0,5,0,0,0,0,0,0,0,0,0,0,0,0,0,5
গল্পগুচ্ছ/পোস্টমাস্টার,0,12,0,0,0,0,0,0,0,2,0,0,0,0,0,14
গল্পগুচ্ছ/প্রায়শ্চিত্ত,0,2,0,0,0,0,0,0,0,0,0,0,0,0,0,2
গল্পগুচ্ছ/ফেল,0,1,0,0,0,0,0,0,0,0,0,0,0,0,0,1
গল্পগুচ্ছ/মেঘ_ও_রৌদ্র,0,5,0,0,0,0,0,0,0,1,0,0,0,1,0,7
গল্পগুচ্ছ/রাজপথের_কথা,0,1,0,0,0,0,0,0,0,0,0,0,0,0,0,1
গল্পগুচ্ছ/শাস্তি,0,8,0,0,0,0,0,0,0,0,0,0,0,0,0,8
গল্পগুচ্ছ/শেষের_রাত্রি,0,1,0,0,0,0,0,0,0,0,0,0,0,0,0,1
গল্পগুচ্ছ/সমাপ্তি,0,7,0,0,0,0,0,0,0,2,0,0,0,0,0,9
গল্পগুচ্ছ/সুভা,0,14,0,0,0,0,0,0,0,0,0,0,0,0,0,14
গল্পগুচ্ছ/হৈমন্তী,0,16,0,0,0,0,0,0,0,3,0,0,0,0,0,19
গল্পমালা,0,0,0,1,0,0,0,0,0,0,0,0,0,0,0,1
গল্পমালা/কাজির_বিচার,0,1,0,0,0,0,0,0,0,0,0,0,0,0,0,1
গল্পমালা/গুপি_গাইন_ও_বাঘা_বাইন,0,0,0,0,0,0,0,0,0,1,0,0,0,0,0,1
গল্পমালা/ভূতের_গল্প,0,0,0,0,0,2,0,0,0,0,0,0,0,0,0,2
গল্পসল্প,0,4,0,0,0,2,0,0,0,2,0,0,0,0,0,8
গীতবিতান,0,13,0,3,0,4,0,0,0,4,0,0,0,0,0,24
গীতবিতান/আগুনের_পরশমণি_ছোঁয়াও_প্রাণে,0,4,0,0,0,1,0,0,0,1,0,0,0,1,0,7
গীতবিতান/আজি_বাংলাদেশের_হৃদয়_হতে,0,1,0,0,0,0,0,0,0,0,0,0,0,0,0,1
গীতবিতান/আজি_বিজন_ঘরে_নিশীথরাতে_আসবে_যদি_শূন্য_হাতে,0,3,0,0,0,0,0,0,0,0,0,0,0,0,0,3
গীতবিতান/আনন্দধ্বনি_জাগাও_গগনে,0,1,0,0,0,0,0,0,0,0,0,0,0,0,0,1
গীতবিতান/আমরা_দূর_আকাশের_নেশায়_মাতাল_ঘরভোলা_সব_যত,0,1,0,0,0,0,0,0,0,0,0,0,0,0,0,1
গীতবিতান/আমরা_সবাই_রাজা,0,2,0,1,0,0,0,0,0,0,0,0,1,0,0,4
গীতবিতান/আমার_আঁধার_ভালো_আলোর_কাছে_বিকিয়ে_দেবে_আপনাকে_সে,0,1,0,0,0,0,0,0,0,0,0,0,0,0,0,1
গীতবিতান/আমার_পরান_যাহা_চায়,0,18,0,1,0,0,0,0,0,1,0,0,0,0,0,20
গীতবিতান/আমার_বেলা_যে_যায়_সাঁঝ-বেলাতে,0,2,0,0,0,1,0,0,0,0,0,0,1,1,0,5
গীতবিতান/আমার_মন_মানে_না_–_দিনরজনী,0,0,0,1,0,0,0,0,0,1,0,0,1,0,0,3
গীতবিতান/আমার_মুক্তি_আলোয়_আলোয়,0,1,0,0,0,0,0,0,0,0,0,0,0,0,0,1
গীতবিতান/আমার_রাত_পোহাল,0,1,0,0,0,0,0,0,0,0,0,0,0,0,0,1
গীতবিতান/আমার_সকল_দুখের_প্রদীপ_জ্বেলে_দিবস_গেলে_করব_নিবেদন,0,3,0,0,0,0,0,0,0,0,0,0,0,1,0,4
গীতবিতান/আমার_সোনার_বাংলা,0,3,0,0,0,0,0,0,0,0,0,0,0,0,0,3
গীতবিতান/আমার_হিয়ার_মাঝে_লুকিয়ে_ছিলে,0,1,0,0,0,1,0,0,0,0,0,0,0,0,0,2
গীতবিতান/আমার_হৃদয়_তোমার_আপন_হাতের_দোলে_দোলাও,0,0,0,0,0,0,0,0,0,1,0,0,0,0,0,1
গীতবিতান/আমি_মারের_সাগর_পাড়ি_দেব_বিষম_ঝড়ের_বায়ে,0,2,0,1,0,1,0,0,0,2,0,0,0,0,0,6
গীতবিতান/এই_করেছ_ভালো_নিঠুর_হে,0,1,0,0,0,0,0,0,0,0,0,0,0,0,0,1
গীতবিতান/এখন_আর_দেরি_নয়,0,2,0,0,0,0,0,0,0,0,0,0,0,0,0,2
গীতবিতান/কতবার_ভেবেছিনু_আপনা_ভুলিয়া,0,1,0,0,0,0,0,0,0,0,0,0,0,1,0,2
গীতবিতান/কোথাও_আমার_হারিয়ে_যাওয়ার_নেই_মানা_মনে_মনে,0,0,0,0,0,0,0,0,0,0,0,0,0,1,0,1
গীতবিতান/খাঁচার_পাখি_ছিল_সোনার_খাঁচাটিতে,0,0,0,0,0,0,0,0,0,0,0,0,1,0,0,1
গীতবিতান/চরণ_ধরিতে_দিয়ো_গো_আমারে,0,1,0,0,0,0,0,0,0,0,0,0,1,0,0,2
গীতবিতান/জনগণমন-অধিনায়ক_জয়_হে,0,8,0,1,0,0,0,0,0,1,0,0,1,1,0,12
গীতবিতান/জীবন_যখন_শুকায়ে_যায়_করুণাধারায়_এসো,0,0,0,0,0,1,0,0,0,0,0,0,0,0,0,1
গীতবিতান/তুমি_যে_এসেছ_মোর_ভবনে,0,1,0,0,0,0,0,0,0,0,0,0,0,0,0,1
গীতবিতান/তুমি_যে_সুরের_আগুন_লাগিয়ে_দিলে_মোর_প্রাণে,0,0,0,0,0,0,0,0,0,1,0,0,0,0,0,1
গীতবিতান/তোমার_পূজার_ছলে_তোমায়_ভুলেই_থাকি,0,1,0,0,0,0,0,0,0,0,0,0,0,0,0,1
গীতবিতান/দুঃখ_যদি_না_পাবে_তোর_দুঃখ_তোমার_ঘুচবে_কবে,0,3,0,0,0,0,0,0,0,0,0,0,0,0,0,3
গীতবিতান/দেবতা_জেনে_দূরে_রই_দাঁড়ায়ে,0,0,0,0,0,1,0,0,0,0,0,0,0,0,0,1
গীতবিতান/নাই_নাই_ভয়_হবে_হবে_জয়,0,1,0,0,0,0,0,0,0,0,0,0,0,0,0,1
গীতবিতান/নীরব_রজনী_দেখ_মগ্ন_জোছনায়,0,0,0,0,0,0,0,0,0,2,0,0,0,0,0,2
গীতবিতান/নীল-_অঞ্জনঘন_পুঞ্জছায়ায়_সম্‌বৃত_অম্বর_হে_গম্ভীর,0,2,0,0,0,0,0,0,0,0,0,0,0,0,0,2
গীতবিতান/প্রভু_আমার_প্রিয়_আমার,0,1,0,0,0,0,0,0,0,0,0,0,0,0,0,1
গীতবিতান/প্রহরশেষের_আলোয়_রাঙা_সেদিন_চৈত্র_মাস,0,11,0,0,0,0,0,0,0,1,0,0,1,0,0,13
গীতবিতান/প্রাণে_গান_নাই_মিছে_তাই_ফিরিনু_যে,0,1,0,0,0,0,0,0,0,0,0,0,0,0,0,1
গীতবিতান/বন্ধু_কিসের_তরে_অশ্রু_ঝরে_কিসের_লাগি_দীর্ঘশ্বাস,0,3,0,0,0,0,0,0,0,0,0,0,0,0,0,3
গীতবিতান/বরিষ_ধরা-মাঝে_শান্তির_বারি,0,8,0,0,0,0,0,0,0,0,0,0,0,0,0,8
গীতবিতান/বিশ্বজোড়া_ফাঁদ_পেতেছ_কেমনে_দিই_ফাঁকি,0,1,0,0,0,0,0,0,0,0,0,0,0,0,0,1
গীতবিতান/বুক_বেঁধে_তুই_দাঁড়া_দেখি,0,0,0,0,0,0,0,0,0,0,0,0,1,0,0,1
গীতবিতান/ভেঙে_মোর_ঘরের_চাবি_নিয়ে_যাবি_কে_আমারে,0,1,0,0,0,0,0,0,0,0,0,0,0,0,0,1
গীতবিতান/মালা_হতে_খসে-পড়া_ফুলের_একটি_দল,0,1,0,0,0,0,0,0,0,0,0,0,0,0,0,1
গীতবিতান/মেঘ_বলেছে_যাব_যাব,0,0,0,1,0,0,0,0,0,0,0,0,1,0,0,2
গীতবিতান/যদি_তোর_ডাক_শুনে_কেউ_না_আসে,0,9,0,0,0,0,0,0,0,0,0,0,0,0,0,9
গীতবিতান/যারে_নিজে_তুমি_ভাসিয়েছিলে_দুঃখধারার_ভরা_স্রোতে,0,0,0,0,0,0,0,0,0,1,0,0,0,0,0,1
গীতবিতান/রাত্রি_এসে_যেথায়_মেশে,0,2,0,0,0,0,0,0,0,0,0,0,0,0,0,2
গীতবিতান/শুধু_তোমার_বাণী_নয়_গো,0,1,0,0,0,0,0,0,0,0,0,0,0,0,0,1
গীতবিতান/শ্রাবণের_ধারার_মতো_পড়ুক_ঝরে,0,1,0,0,0,0,0,0,0,0,0,0,0,0,0,1
গীতবিতান/সখি_রে_পিরীত_বুঝবে_কে,0,1,0,0,0,0,0,0,0,0,0,0,0,0,0,1
গীতবিতান/সখী_ভাবনা_কাহারে_বলে,0,4,0,0,0,0,0,0,0,0,0,0,0,0,0,4
গীতবিতান/সার্থক_জনম_আমার,0,1,0,0,0,0,0,0,0,0,0,0,0,0,0,1
গীতবিতান/হা-আ-আ-আই,0,1,0,0,0,0,0,0,0,0,0,0,0,0,0,1
গীতবিতান/হে_মোর_চিত্ত,0,2,0,0,0,0,0,0,0,0,0,0,0,0,0,2
গীতরত্ন_গ্রন্থঃ,0,0,0,0,0,0,0,0,0,1,0,0,0,0,0,1
গীতরত্ন_গ্রন্থঃ/নিবিড়_নীরদ_সহ_উদয়_শরদ_শশী,0,1,0,0,0,0,0,0,0,1,0,0,0,0,0,2
গীতাঞ্জলি,0,5,0,1,0,6,0,0,0,8,0,0,0,0,0,20
গীতাঞ্জলি/১৯,0,0,0,0,0,0,0,0,0,0,0,0,0,1,0,1
গীতাঞ্জলি/৩,0,1,0,0,0,0,0,0,0,0,0,0,0,0,0,1
গীতাঞ্জলি/৪,0,1,0,0,0,0,0,0,0,1,0,0,0,0,0,2
গীতালি,0,2,0,0,0,3,0,0,0,2,0,0,0,0,0,7
গীতালি/বাঁধা_দিলে_বাধবে_লড়াই,0,0,0,1,0,0,0,0,0,0,0,0,0,0,0,1
গীতালি/যেতে_যেতে_একলা_পথে,0,1,0,0,0,0,0,0,0,0,0,0,0,0,0,1
গীতি_-_১৬,0,0,0,0,0,0,0,0,0,1,0,0,0,0,0,1
গীতিমাল্য,0,5,0,0,0,4,0,0,0,2,0,0,0,0,0,11
গীতিমাল্য/অনেক_কালের_যাত্রা_আমার,0,0,0,0,0,0,0,0,0,1,0,0,0,0,0,1
গুরু,0,4,0,0,0,2,0,0,0,2,0,0,0,0,0,8
গুরুবাক্য,0,0,0,0,0,0,0,0,0,1,0,0,0,0,0,1
গোচারণের_মাঠ,0,17,0,0,0,18,0,0,0,8,0,0,0,0,0,43
গোরা,0,15,0,1,0,2,0,0,0,0,0,0,1,1,0,20
গোরা/পরিশিষ্ট,0,1,0,0,0,0,0,0,0,0,0,0,0,0,0,1
গোরা/১,0,7,0,0,0,0,0,0,0,0,0,0,0,0,0,7
গোরা/২,0,0,0,0,0,0,0,0,0,1,0,0,0,0,0,1
গোরা/২১,0,1,0,0,0,0,0,0,0,0,0,0,0,0,0,1
গোরা/৩,0,1,0,0,0,0,0,0,0,0,0,0,0,0,0,1
গোরা/৪২,0,0,0,0,0,0,0,0,0,1,0,0,0,0,0,1
গোরা/৭৬,0,3,0,0,0,0,0,0,0,0,0,0,0,0,0,3
গৌড়রাজমালা,0,19,0,0,0,3,0,0,0,1,0,0,0,0,0,23
গৌড়রাজমালা/আদিশূর,0,0,0,0,0,0,0,0,0,1,0,0,0,0,0,1
গৌড়রাজমালা/গঙ্গরিডি,0,0,0,0,0,0,0,0,0,2,0,0,0,0,0,2
গৌড়রাজমালা/দেবপালের_দিগ্বিজয়,0,0,0,0,0,0,0,0,0,1,0,0,0,0,0,1
গৌড়রাজমালা/বল্লালসেন,0,0,0,0,0,0,0,0,0,2,0,0,0,0,0,2
গৌড়রাজমালা/বিজয়সেন,0,0,0,0,0,0,0,0,0,1,0,0,0,0,0,1
গৌড়রাজমালা/বিজয়সেন_২,0,0,0,0,0,0,0,0,0,1,0,0,0,0,0,1
গৌড়রাজমালা/মহম্মদ-ই-বখ্‌তিয়ার,0,0,0,0,0,0,0,0,0,1,0,0,0,0,0,1
গৌড়রাজমালা/মাৎস্যন্যায়—গোপাল,0,0,0,0,0,0,0,0,0,1,0,0,0,0,0,1
গৌড়রাজমালা/লক্ষ্মণসেন,0,0,0,0,0,0,0,0,0,2,0,0,0,0,0,2
গৌড়লেখমালা_(প্রথম_স্তবক),0,9,0,0,0,0,0,0,0,0,0,0,0,0,0,9
গৌড়লেখমালা_(প্রথম_স্তবক)/ধর্ম্মপালদেবের_তাম্রশাসন,0,4,0,0,0,0,0,0,0,0,0,0,0,0,0,4
গৌড়লেখমালা_(প্রথম_স্তবক)/বালাদিত্য-প্রস্তরলিপি,0,0,0,0,0,0,0,0,0,1,0,0,0,0,0,1
গ্রহ-নক্ষত্র,0,6,0,0,0,0,0,0,0,0,0,0,0,0,0,6
ঘরে-বাইরে,0,3,0,2,0,6,0,0,0,0,0,0,0,0,0,11
ঘরে-বাইরে/১৮,0,1,0,0,0,0,0,0,0,1,0,0,0,0,0,2
ঘরে-বাইরে/৩,0,1,0,0,0,0,0,0,0,0,0,0,0,0,0,1
ঘরোয়া,0,5,0,0,0,1,0,0,0,2,0,0,0,0,0,8
ঘোড়া,0,2,0,0,0,0,0,0,0,1,0,0,0,0,0,3
চতুরঙ্গ,0,5,0,0,0,1,0,0,0,1,0,0,0,1,0,8
চতুরঙ্গ/জ্যাঠামশাই,0,0,0,0,0,0,0,0,0,1,0,0,0,0,0,1
চতুরঙ্গ/শচীশ,0,1,0,0,0,0,0,0,0,0,0,0,0,0,0,1
চন্ডী,0,0,0,1,0,0,0,0,0,0,0,0,1,0,0,2
চরমপত্র,0,2,0,0,0,1,0,0,0,0,0,0,0,0,0,3
চাঁদের_পাহাড়,0,6,0,95,0,35,23,0,3,8,0,0,0,0,0,170
চাঁদের_পাহাড়/অষ্টম_পরিচ্ছেদ,0,0,0,1,0,0,0,0,0,0,0,0,0,0,0,1
চাঁদের_পাহাড়/নবম_পরিচ্ছেদ,0,0,0,0,0,0,0,0,0,1,0,0,0,0,0,1
চাঁদের_পাহাড়/পরিশিষ্ট,0,0,0,0,0,1,0,0,0,0,0,0,0,0,0,1
চাঁদের_পাহাড়/প্রথম_পরিচ্ছেদ,0,2,0,0,0,0,0,0,0,0,0,0,0,0,0,2
চার_অধ্যায়,0,8,0,0,0,4,0,0,0,1,0,0,1,0,0,14
চার_অধ্যায়/ভূমিকা,0,3,0,0,0,0,0,0,0,1,0,0,0,0,0,4
চারিত্রপূজা,0,3,0,0,0,1,0,0,0,4,0,0,0,0,0,8
চিত্রবিচিত্র,0,2,0,0,0,3,0,0,0,2,0,0,0,0,0,7
চিত্রা,0,6,0,0,0,3,0,0,0,2,0,0,0,1,0,12
চিত্রা/এবার_ফিরাও_মোরে,0,1,0,0,0,0,0,0,0,0,0,0,0,0,0,1
চিত্রা/দুঃসময়,0,1,0,0,0,0,0,0,0,0,0,0,0,0,0,1
চিত্রা/সূচনা,0,0,0,0,0,0,0,0,0,2,0,0,0,0,0,2
চিত্রাঙ্গদা,0,55,0,0,0,25,0,0,0,11,0,0,2,1,0,94
চিত্রাঙ্গদা/১,0,1,0,0,0,0,0,0,0,0,0,0,0,0,0,1
চিত্রাঙ্গদা/১০,0,5,0,0,0,0,0,0,0,0,0,0,0,0,0,5
চিত্রাঙ্গদা/১১,0,2,0,0,0,0,0,0,0,0,0,0,0,0,0,2
চিত্রাঙ্গদা/২,0,1,0,0,0,0,0,0,0,0,0,0,0,0,0,1
চিত্রাঙ্গদা/৩,0,1,0,0,0,0,0,0,0,0,0,0,0,0,0,1
চিত্রাঙ্গদা/৪,0,1,0,0,0,0,0,0,0,0,0,0,0,0,0,1
চিত্রাঙ্গদা/৫,0,1,0,0,0,0,0,0,0,0,0,0,0,0,0,1
চিত্রাঙ্গদা/৬,0,1,0,0,0,0,0,0,0,0,0,0,0,0,0,1
চিত্রাঙ্গদা/৭,0,1,0,0,0,0,0,0,0,0,0,0,0,0,0,1
চিত্রাঙ্গদা/৮,0,1,0,0,0,0,0,0,0,0,0,0,0,0,0,1
চিত্রাঙ্গদা/৯,0,1,0,0,0,0,0,0,0,0,0,0,0,0,0,1
চিদ্বিলাস,0,52,0,0,0,29,0,0,0,14,0,0,0,1,0,96
চিদ্বিলাস/উপসংহার,0,0,0,0,0,0,0,0,0,2,0,0,0,0,0,2
চিদ্বিলাস/বেদান্তদর্শন,0,0,0,0,0,0,0,0,0,2,0,0,0,0,0,2
চিদ্বিলাস/সাংখ্য_দর্শন,0,0,0,0,0,0,0,0,0,1,0,0,0,0,0,1
চিন্তাশীল,0,10,0,1,0,1,0,0,0,0,0,0,1,0,0,13
চৈতালি,0,6,0,0,0,3,0,0,0,4,0,0,0,0,0,13
চৈতালি/অনাবৃষ্টি_(চৈতালি),0,1,0,0,0,0,0,0,0,0,0,0,0,0,0,1
চৈতালি/খেয়া_(চৈতালি),0,18,0,0,0,0,0,0,0,2,0,0,0,0,0,20
চৈতালি/বৈরাগ্য_(চৈতালি),0,2,0,0,0,0,0,0,0,0,0,0,0,0,0,2
চৈতালি/স্বার্থ_(চৈতালি),0,1,0,0,0,0,0,0,0,0,0,0,0,0,0,1
চোখের_আলোয়_দেখেছিলেম,0,0,0,0,0,0,0,0,0,0,0,0,1,0,0,1
চোখের_বালি,0,10,0,4,0,1,0,0,0,2,0,0,0,1,0,18
চোখের_বালি/০১,0,3,0,0,0,0,0,0,0,3,0,0,0,0,0,6
চোখের_বালি/০২,0,3,0,0,0,0,0,0,0,2,0,0,0,0,0,5
চোখের_বালি/০৩,0,1,0,0,0,0,0,0,0,0,0,0,0,0,0,1
চোখের_বালি/০৪,0,0,0,0,0,0,0,0,0,1,0,0,0,0,0,1
চোখের_বালি/১৮,0,0,0,1,0,0,0,0,0,0,0,0,1,0,0,2
চোখের_বালি/৫৩,0,0,0,0,0,0,0,0,0,1,0,0,0,0,0,1
চোখের_বালি/৫৪,0,1,0,0,0,0,0,0,0,1,0,0,0,0,0,2
চোখের_বালি/৫৫,0,0,0,0,0,0,0,0,0,1,0,0,0,0,0,1
ছড়া_(ছড়া),0,1,0,0,0,0,0,0,0,0,0,0,0,0,0,1
ছড়া_(রবীন্দ্রনাথ_ঠাকুর),0,0,0,0,0,0,0,0,0,1,0,0,0,0,0,1
ছড়া_(রবীন্দ্রনাথ_ঠাকুর)/ঝিনেদার_জমিদার_কালাচাঁদ_রায়রা,0,1,0,0,0,0,0,0,0,0,0,0,0,0,0,1
ছড়ার_ছবি,0,4,0,0,0,2,0,0,0,1,0,0,0,0,0,7
ছন্দ_ও_আবৃত্তি,0,1,0,0,0,1,0,0,0,3,0,0,0,0,0,5
ছবি_ও_গান,0,9,0,0,0,10,0,0,0,3,0,0,0,0,0,22
ছবি_ও_গান/স্নেহময়ী,0,2,0,0,0,0,0,0,0,0,0,0,0,0,0,2
ছাড়পত্র,0,3,0,0,0,0,0,0,0,1,0,0,0,0,0,4
ছাড়পত্র/ছাড়পত্র,0,3,0,0,0,3,0,0,0,1,0,0,1,0,0,8
ছাড়পত্র/দেশলাই_কাঠি,0,1,0,0,0,0,0,0,0,0,0,0,0,0,0,1
ছাড়পত্র/বোধন,0,1,0,0,0,0,0,0,0,0,0,0,0,0,0,1
ছাড়পত্র/মৃত্যুজয়ী_গান,0,2,0,0,0,0,0,0,0,0,0,0,0,0,0,2
ছাড়পত্র/রবীন্দ্রনাথের_প্রতি,0,1,0,1,0,0,0,0,0,0,0,0,0,0,0,2
ছাড়পত্র/হে_মহাজীবন,0,0,0,0,0,0,0,0,0,1,0,0,0,0,0,1
ছাত্রের_পরীক্ষা,0,29,0,0,0,1,0,0,0,3,0,0,0,1,0,34
ছুটি_(ছুটি!_ছুটি!_ছুটি!),0,0,0,0,0,0,0,0,0,1,0,0,0,0,0,1
ছেলেধরা,0,1,0,0,0,0,0,0,0,1,0,0,0,0,0,2
ছেলেবেলা,0,12,0,0,0,1,0,0,0,3,0,0,0,0,0,16
ছেলেবেলা/ভূমিকা,0,1,0,0,0,0,0,0,0,0,0,0,0,0,0,1
ছেলেবেলা/১,0,3,0,0,0,0,0,0,0,0,0,0,0,0,0,3
ছেলেবেলা/২,0,4,0,0,0,0,0,0,0,0,0,0,0,0,0,4
ছেলেবেলা/৩,0,2,0,0,0,0,0,0,0,2,0,0,0,0,0,4
ছেলেবেলা/৬,0,0,0,0,0,0,0,0,0,1,0,0,0,0,0,1
জগ্যিদাসের_মামা,0,0,0,1,0,0,0,0,0,0,0,0,0,0,0,1
জন্মদিনে,0,14,0,0,0,7,0,0,0,3,0,0,0,1,0,25
জন্মদিনে/অপরাহ্ণে_এসেছিল_জন্মবাসরের_আমন্ত্রণে,0,1,0,0,0,0,0,0,0,1,0,0,0,0,0,2
জন্মদিনে/বিপুলা_এ_পৃথিবীর_কতটুকু_জানি,0,0,0,0,0,0,0,0,0,1,0,0,1,0,0,2
জলধর-সম্বর্ধনা,0,1,0,0,0,0,0,0,0,0,0,0,0,0,0,1
জাগবার_দিন_আজ,0,2,0,0,0,0,0,0,0,0,0,0,0,0,0,2
জাতিকথন,0,0,0,1,0,0,0,0,2,1,0,0,0,0,0,4
জাপান-যাত্রী,0,5,0,0,0,1,0,0,0,1,0,0,0,0,0,7
জাপান-যাত্রী/৩,0,0,0,0,0,0,0,0,0,0,0,0,1,0,0,1
জাপান-যাত্রী/৬,0,0,0,0,0,0,0,0,0,0,0,0,1,0,0,1
জিজ্ঞাসা,0,0,0,0,0,0,0,0,0,1,0,0,0,0,0,1
জীবন-স্মৃতি,0,8,0,0,0,3,0,0,0,2,0,0,0,0,0,13
জীবন-স্মৃতি/ঘরের_পড়া,0,0,0,0,0,0,0,0,0,0,0,0,0,1,0,1
জীবন-স্মৃতি/শিক্ষারম্ভ,0,0,0,0,0,0,0,0,0,1,0,0,0,0,0,1
জীবনানন্দ_দাশের_শ্রেষ্ঠ_কবিতা,0,33,0,4,0,8,0,0,0,7,0,0,0,1,0,53
জীবনানন্দ_দাশের_শ্রেষ্ঠ_কবিতা/অন্ধকার,0,1,0,0,0,0,0,0,0,0,0,0,0,0,0,1
জীবনানন্দ_দাশের_শ্রেষ্ঠ_কবিতা/অবসরের_গান,0,0,0,0,0,1,0,0,0,0,0,0,0,0,0,1
জীবনানন্দ_দাশের_শ্রেষ্ঠ_কবিতা/আকাশলীনা,0,2,0,0,0,1,0,0,0,2,0,0,0,0,0,5
জীবনানন্দ_দাশের_শ্রেষ্ঠ_কবিতা/আট_বছর_আগের_একদিন,0,7,0,1,0,2,0,0,0,3,0,0,1,1,0,15
জীবনানন্দ_দাশের_শ্রেষ্ঠ_কবিতা/আমাকে_তুমি,0,1,0,1,0,1,0,0,0,0,0,0,1,1,0,5
জীবনানন্দ_দাশের_শ্রেষ্ঠ_কবিতা/একটি_কবিতা,0,2,0,0,0,0,0,0,0,0,0,0,0,0,0,2
জীবনানন্দ_দাশের_শ্রেষ্ঠ_কবিতা/কুড়ি_বছর_পরে,0,0,0,0,0,0,0,0,0,1,0,0,0,0,0,1
জীবনানন্দ_দাশের_শ্রেষ্ঠ_কবিতা/খেতে_প্রান্তরে,0,1,0,0,0,0,0,0,0,0,0,0,0,0,0,1
জীবনানন্দ_দাশের_শ্রেষ্ঠ_কবিতা/গোধূলি_সন্ধির_নৃত্য,0,0,0,0,0,0,0,0,0,0,0,0,0,1,0,1
জীবনানন্দ_দাশের_শ্রেষ্ঠ_কবিতা/ঘাস,0,3,0,0,0,0,0,0,0,0,0,0,0,0,0,3
জীবনানন্দ_দাশের_শ্রেষ্ঠ_কবিতা/ঘোড়া,0,0,0,1,0,0,0,0,0,0,0,0,0,0,0,1
জীবনানন্দ_দাশের_শ্রেষ্ঠ_কবিতা/তবু,0,0,0,0,0,0,0,0,0,0,0,0,0,1,0,1
জীবনানন্দ_দাশের_শ্রেষ্ঠ_কবিতা/তোমাকে,0,0,0,0,0,0,0,0,0,2,0,0,0,0,0,2
জীবনানন্দ_দাশের_শ্রেষ্ঠ_কবিতা/ধান_কাটা_হ’য়ে_গেছে,0,2,0,0,0,0,0,0,0,0,0,0,0,0,0,2
জীবনানন্দ_দাশের_শ্রেষ্ঠ_কবিতা/নগ্ন_নির্জন_হাত,0,2,0,0,0,0,0,0,0,0,0,0,0,0,0,2
জীবনানন্দ_দাশের_শ্রেষ্ঠ_কবিতা/নির্জন_স্বাক্ষর,0,2,0,1,0,0,0,0,0,1,0,0,0,0,0,4
জীবনানন্দ_দাশের_শ্রেষ্ঠ_কবিতা/নীলিমা,0,7,0,0,0,0,0,0,0,2,0,0,0,0,0,9
জীবনানন্দ_দাশের_শ্রেষ্ঠ_কবিতা/পথ_হাঁটা,0,1,0,0,0,0,0,0,0,0,0,0,0,0,0,1
জীবনানন্দ_দাশের_শ্রেষ্ঠ_কবিতা/পিরামিড,0,0,0,1,0,0,0,0,0,1,0,0,0,0,0,2
জীবনানন্দ_দাশের_শ্রেষ্ঠ_কবিতা/পৃথিবীতে,0,0,0,0,0,0,0,0,0,0,0,0,0,1,0,1
জীবনানন্দ_দাশের_শ্রেষ্ঠ_কবিতা/বনলতা_সেন,0,17,0,2,0,0,0,0,0,5,0,0,1,1,0,26
জীবনানন্দ_দাশের_শ্রেষ্ঠ_কবিতা/বিড়াল,0,2,0,0,0,0,0,0,0,0,0,0,0,0,0,2
জীবনানন্দ_দাশের_শ্রেষ্ঠ_কবিতা/বোধ,0,1,0,0,0,0,0,0,0,0,0,0,0,0,0,1
জীবনানন্দ_দাশের_শ্রেষ্ঠ_কবিতা/মাঠের_গল্প,0,0,0,0,0,0,0,0,0,0,0,0,1,0,0,1
জীবনানন্দ_দাশের_শ্রেষ্ঠ_কবিতা/মানুষের_মৃত্যু_হ’লে,0,1,0,0,0,0,0,0,0,2,0,0,0,0,0,3
জীবনানন্দ_দাশের_শ্রেষ্ঠ_কবিতা/মৃত্যুর_আগে,0,0,0,0,0,0,0,0,0,0,0,0,1,0,0,1
জীবনানন্দ_দাশের_শ্রেষ্ঠ_কবিতা/যাত্রী,0,0,0,0,0,0,0,0,0,2,0,0,0,0,0,2
জীবনানন্দ_দাশের_শ্রেষ্ঠ_কবিতা/রাত্রি,0,1,0,0,0,0,0,0,0,0,0,0,0,0,0,1
জীবনানন্দ_দাশের_শ্রেষ্ঠ_কবিতা/শকুন,0,0,0,1,0,0,0,0,0,0,0,0,0,0,0,1
জীবনানন্দ_দাশের_শ্রেষ্ঠ_কবিতা/শঙ্খমালা,0,1,0,0,0,0,0,0,0,0,0,0,0,0,0,1
জীবনানন্দ_দাশের_শ্রেষ্ঠ_কবিতা/শিকার,0,2,0,0,0,0,0,0,0,0,0,0,0,0,0,2
জীবনানন্দ_দাশের_শ্রেষ্ঠ_কবিতা/সহজ,0,0,0,0,0,1,0,0,0,1,0,0,0,1,0,3
জীবনানন্দ_দাশের_শ্রেষ্ঠ_কবিতা/সিন্ধুসারস,0,1,0,0,0,0,0,0,0,0,0,0,0,0,0,1
জীবনানন্দ_দাশের_শ্রেষ্ঠ_কবিতা/সুচেতনা,0,4,0,0,0,0,0,0,0,0,0,0,0,0,0,4
জীবনানন্দ_দাশের_শ্রেষ্ঠ_কবিতা/সূর্যতামসী,0,1,0,0,0,0,0,0,0,2,0,0,0,0,0,3
জীবনানন্দ_দাশের_শ্রেষ্ঠ_কবিতা/সেদিন_এ-ধরণীর,0,1,0,0,0,0,0,0,0,0,0,0,0,0,0,1
জীবনানন্দ_দাশের_শ্রেষ্ঠ_কবিতা/স্বপ্নের_হাতে,0,0,0,0,0,0,0,0,0,1,0,0,0,0,0,1
জীবনানন্দ_দাশের_শ্রেষ্ঠ_কবিতা/হাজার_বছর_শুধু_খেলা_করে,0,0,0,0,0,0,0,0,0,0,0,0,1,0,0,1
জীবনানন্দ_দাশের_শ্রেষ্ঠ_কবিতা/হায়_চিল,0,2,0,0,0,0,0,0,0,1,0,0,0,0,0,3
জীবনানন্দ_দাশের_শ্রেষ্ঠ_কবিতা/১৯৪৬-৪৭,0,1,0,0,0,0,0,0,0,2,0,0,0,0,0,3
জীবনী_কোষ,0,0,0,0,0,0,0,0,0,1,0,0,0,0,0,1
জীবনী_কোষ/ভারতীয়-ঐতিহাসিক/কপিল,0,1,0,0,0,0,0,0,0,0,0,0,0,0,0,1
জীবনী_কোষ/ভারতীয়-ঐতিহাসিক/কবীর,0,1,0,0,0,0,0,0,0,1,0,0,0,0,0,2
জীবনী_কোষ/ভারতীয়-পৌরাণিক/কাত্যায়নী,0,1,0,0,0,0,0,0,0,1,0,0,0,0,0,2
জীবনী_কোষ/ভারতীয়-পৌরাণিক/ভদ্রকালী,0,1,0,0,0,1,0,0,0,1,0,0,0,0,0,3
জেবুন্নিসা_বেগম,0,18,0,0,0,7,0,0,0,3,0,0,0,0,0,28
জেবুন্নিসা_বেগম/চতুর্থ_পরিচ্ছেদ,0,0,0,0,0,0,0,0,0,1,0,0,0,0,0,1
জেবুন্নিসা_বেগম/ষষ্ঠ_পরিচ্ছেদ,0,0,0,0,0,0,0,0,0,1,0,0,0,0,0,1
জোড়াসাঁকোর_ধারে,0,9,0,0,0,0,0,0,0,1,0,0,0,0,0,10
জোড়াসাঁকোর_ধারে/১,0,2,0,0,0,0,0,0,0,0,0,0,0,0,0,2
জোড়াসাঁকোর_ধারে/১৪,0,0,0,0,0,0,0,0,0,1,0,0,0,0,0,1
জোড়াসাঁকোর_ধারে/৫,0,2,0,0,0,0,0,0,0,0,0,0,0,0,0,2
ঝরা_পালক,0,1,0,0,0,1,0,0,0,1,0,0,0,0,0,3
ঝরা_পালক/সারাটি_রাত্রি_তারাটির_সাথে_তারাটিরই_কথা_হয়,0,2,0,0,0,0,0,0,0,0,0,0,0,0,0,2
টুনটুনির_বই,0,25,0,3,0,7,0,0,0,2,0,0,1,3,0,41
টুনটুনির_বই/উকুনে-বুড়ির_কথা,0,1,0,0,0,0,0,0,0,0,0,0,0,0,0,1
টুনটুনির_বই/টুনটুনি_আর_নাপিতের_কথা,0,0,0,0,0,0,0,0,0,1,0,0,1,0,0,2
টুনটুনির_বই/টুনটুনি_আর_বিড়ালের_কথা,0,2,0,1,0,1,0,0,0,5,0,0,0,1,0,10
টুনটুনির_বই/দুষ্ট_বাঘ,0,0,0,0,0,0,0,0,0,1,0,0,0,0,0,1
টুনটুনির_বই/নরহরি_দাস,0,3,0,0,0,1,0,0,0,1,0,0,1,0,0,6
টুনটুনির_বই/পান্তাবুড়ির_কথা,0,6,0,1,0,0,0,0,0,0,0,0,0,0,0,7
টুনটুনির_বই/পিঁপড়ে_আর_পিঁপড়ীর_কথা,0,2,0,0,0,0,0,0,0,1,0,0,0,0,0,3
টুনটুনির_বই/বাঘ-বর,0,1,0,0,0,0,0,0,0,0,0,0,0,0,0,1
টুনটুনির_বই/বাঘ_মামা_আর_শিয়াল_ভাগ্নে,0,0,0,0,0,0,0,0,0,0,0,0,1,0,0,1
টুনটুনির_বই/বুদ্ধুর_বাপ,0,0,0,0,0,0,0,0,0,1,0,0,0,0,0,1
টুনটুনির_বই/বোকা_কুমিরের_কথা,0,2,0,0,0,1,0,0,0,0,0,0,0,0,0,3
টুনটুনির_বই/বোকা_বাঘ,0,0,0,1,0,0,0,0,0,0,0,0,1,0,0,2
ঠাকুরমার_ঝুলি/সাত_ভাই_চম্পা,0,1,0,0,0,0,0,0,0,0,0,0,0,0,0,1
ডাকঘর,0,4,0,0,0,3,0,0,0,4,0,0,0,0,0,11
তরুণের_বিদ্রোহ,0,1,0,0,0,0,0,0,0,0,0,0,0,0,0,1
তরুণের_স্বপ্ন,0,68,1,12,0,43,0,0,0,15,0,0,0,1,0,140
তরুণের_স্বপ্ন/উত্তর_কলিকাতা_অধিবাসীগণের_নিকট_নিবেদন,0,0,0,0,0,0,0,0,0,1,0,0,0,0,0,1
তরুণের_স্বপ্ন/উত্তর_কলিকাতা_অধিবাসীবৃন্দের_নিকট_নিবেদন,0,0,0,0,0,0,0,0,0,1,0,0,0,0,0,1
তরুণের_স্বপ্ন/কারামুক্তির_প্রস্তাবের_উত্তর,0,0,0,0,0,0,0,0,0,2,0,0,0,0,0,2
তরুণের_স্বপ্ন/গোড়ার_কথা,0,0,0,0,0,0,0,0,0,4,0,0,0,0,0,4
তরুণের_স্বপ্ন/চরিত্র-গঠন_ও_মানসিক_উন্নতি,0,0,0,0,0,0,0,0,0,2,0,0,0,0,0,2
তরুণের_স্বপ্ন/জীবনের_লক্ষ্য,0,0,0,0,0,0,0,0,0,2,0,0,0,0,0,2
তরুণের_স্বপ্ন/জেল_ও_কয়েদী,0,0,0,0,0,0,0,0,0,2,0,0,0,0,0,2
তরুণের_স্বপ্ন/তরুণের_স্বপ্ন,0,0,1,0,0,0,0,0,0,5,0,0,0,0,0,6
তরুণের_স্বপ্ন/তোমারই_লাগিয়ে_কলঙ্কের_বোঝা,0,0,0,1,0,0,0,0,0,2,0,0,0,0,0,3
তরুণের_স্বপ্ন/দলাদলি_ও_বাঙ্গলার_ভবিষ্যৎ,0,0,0,0,0,0,0,0,0,2,0,0,0,0,0,2
তরুণের_স্বপ্ন/দেশবন্ধু_(১),0,0,0,0,0,0,0,0,0,1,0,0,0,0,0,1
তরুণের_স্বপ্ন/দেশবন্ধু_(২),0,0,0,0,0,0,0,0,0,2,0,0,0,0,0,2
তরুণের_স্বপ্ন/দেশের_ডাক,0,0,0,0,0,0,0,0,0,2,0,0,0,0,0,2
তরুণের_স্বপ্ন/সমাজ-সেবা_ও_কুটীর_শিল্প,0,0,0,0,0,0,0,0,0,2,0,0,0,0,0,2
তরুণের_স্বপ্ন/হিন্দু-মুসলমান_প্যাক্ট,0,0,0,0,0,0,0,0,0,2,0,0,0,0,0,2
তাই_তোমার_আনন্দ_আমার_'পর,0,1,0,0,0,0,0,0,0,0,0,0,0,0,0,1
তারাবাঈ,0,1,0,0,0,0,0,0,0,0,0,0,0,0,0,1
তাসের_দেশ,0,3,0,1,0,2,0,0,0,2,0,0,0,0,0,8
তাসের_দেশ/উৎসর্গ,0,4,0,0,0,0,0,0,0,4,0,0,0,0,0,8
তাসের_দেশ/চতুর্থ_দৃশ্য,0,1,0,0,0,0,0,0,0,2,0,0,0,1,0,4
তাসের_দেশ/তৃতীয়_দৃশ্য,0,1,0,0,0,0,0,0,0,2,0,0,0,0,0,3
তাসের_দেশ/দ্বিতীয়_দৃশ্য,0,5,0,0,0,0,0,0,0,2,0,0,0,0,0,7
তাসের_দেশ/প্রথম_দৃশ্য,0,5,0,0,0,0,0,0,0,5,0,0,0,0,0,10
তিতাস_একটি_নদীর_নাম,0,5,0,1,0,0,0,0,0,0,0,0,0,0,0,6
তিতাস_একটি_নদীর_নাম/এক/প্রবাস_খণ্ড,0,1,0,0,0,0,0,0,0,0,0,0,0,0,0,1
তিনসঙ্গী,0,3,0,0,0,1,0,0,0,0,0,0,1,1,0,6
তেজিয়ান,0,1,0,0,0,0,0,0,0,0,0,0,0,0,0,1
ত্রিপুরার_স্মৃতি/সতররত্ন_বা_সপ্তদশ-রত্ন,0,0,0,0,0,0,0,0,0,1,0,0,0,0,0,1
দত্তা,0,1,0,1,0,0,0,0,0,0,0,0,0,0,0,2
দানবদলন_কাব্য,0,36,0,0,0,26,0,0,0,4,0,0,0,0,0,66
দিন-কয়েকের_ভ্রমণ-কাহিনী,0,1,0,0,0,0,0,0,0,0,0,0,0,0,0,1
দুই_বোন,0,4,0,0,0,3,0,0,0,1,0,0,0,0,0,8
দুর্গেশনন্দিনী,0,3,0,0,0,0,0,0,0,0,0,0,0,1,0,4
দুর্গেশনন্দিনী/প্রথম_খণ্ড/পঞ্চম_পরিচ্ছেদ,0,0,0,0,0,0,0,0,0,1,0,0,1,0,0,2
দুর্গেশনন্দিনী/প্রথম_খণ্ড/প্রথম_পরিচ্ছেদ_:_দেবমন্দির,0,2,0,0,0,1,0,0,0,1,0,0,0,0,0,4
দেবদাস,0,5,0,1,0,1,0,0,0,1,0,0,1,0,0,9
দেবদাস/অষ্টম_পরিচ্ছেদ,0,1,0,0,0,0,0,0,0,0,0,0,0,0,0,1
দেবদাস/তৃতীয়_পরিচ্ছেদ,0,2,0,0,0,0,0,0,0,0,0,0,0,0,0,2
দেবদাস/দ্বিতীয়_পরিচ্ছেদ,0,1,0,0,0,0,0,0,0,1,0,0,0,0,0,2
দেশ-বিদেশের_গল্প,0,0,0,0,0,1,0,0,0,0,0,0,0,0,0,1
দেশ-বিদেশের_গল্প/ওয়াসিলিসা,0,0,0,0,0,1,0,0,0,0,0,0,0,0,0,1
ধূসর_পান্ডুলিপি,0,1,0,0,0,0,0,0,0,0,0,0,0,0,0,1
ধ্বংস,0,1,0,0,0,0,0,0,0,0,0,0,0,0,0,1
নটরাজ_ঋতুরঙ্গশালা,0,2,0,0,0,2,0,0,0,0,0,0,0,0,0,4
নদী,0,6,0,0,0,5,0,0,0,6,0,0,0,0,0,17
নবজাতক/নবজাতক_(কবিতা),0,2,0,0,0,0,0,0,0,0,0,0,0,0,0,2
নাগরিক_ও_রাজনৈতিক_অধিকার_বিষয়ক_আন্তর্জাতিক_চুক্তি,0,17,0,0,0,16,0,0,0,10,0,0,0,0,0,43
নানা_গল্প,0,2,0,0,0,1,0,0,0,0,0,0,0,0,0,3
নানা_গল্প/উকিলের_বুদ্ধি,0,1,0,0,0,0,0,0,0,0,0,0,0,0,0,1
নানা_গল্প/হাসির_গল্প,0,3,0,1,0,0,0,0,0,0,0,0,0,1,0,5
নায়ক_প্রকরণ,0,0,0,0,0,0,0,0,2,0,0,0,0,0,0,2
নায়ক_সহায়,0,0,0,0,0,0,0,0,2,0,0,0,0,0,0,2
নায়িকা_প্রকরণ,0,9,0,2,0,0,0,0,2,0,0,0,1,0,0,14
নায়িকা_সহায়,0,0,0,0,0,0,0,0,2,0,0,0,0,0,0,2
নারীর_প্রতি_সকল_প্রকার_বৈষম্য_বিলোপ_কনভেনশন,0,16,0,0,0,17,0,0,0,9,0,0,0,0,0,42
নারীর_মূল্য,0,2,0,0,0,1,0,0,0,0,0,0,0,0,0,3
নারীর_রাজনৈতিক_অধিকার_বিষয়ক_চুক্তি,0,38,0,0,0,38,0,0,0,25,0,0,0,0,0,101
নারীর_লেখা,0,1,0,0,0,0,0,0,0,0,0,0,0,0,0,1
নিনিবি_শহরের_রিহাই,0,13,0,0,0,10,0,0,0,3,0,0,0,1,0,27
নিবেদিতা,0,31,0,2,0,28,0,0,0,7,0,0,0,0,0,68
নির্ঘণ্ট:অভিজ্ঞান_শকুন্তলা_নাটক.djvu,0,0,0,0,0,0,0,0,1,0,0,0,0,0,0,1
নির্যাতন_এবং_অন্যান্য_নিষ্ঠুর_অমানবিক_অথবা_মর্যাদাহানিকর_আচরণ_বা_শাস্তির_বিরুদ্ধে_কনভেনশন,0,37,0,0,0,27,0,0,0,14,0,0,0,0,0,78
নিষ্কৃতি,0,2,0,0,0,0,0,0,0,0,0,0,0,0,0,2
নীতিকণা,0,7,0,0,0,2,0,0,0,4,0,0,0,0,0,13
নীতিকণা/সময়,0,1,0,0,0,0,0,0,0,0,0,0,0,0,0,1
নীল-দৰ্পণ_নাটক,0,0,0,2,0,0,0,0,0,0,0,0,0,0,0,2
নীলিমা,0,0,0,0,0,0,0,0,0,1,0,0,0,0,0,1
নূতন_কাল,0,1,0,0,0,0,0,0,0,0,0,0,0,0,0,1
নৃত্যনাট্য_চণ্ডালিকা,0,3,0,0,0,2,0,0,0,1,0,0,0,0,0,6
নৃত্যনাট্য_শ্যামা,0,1,0,0,0,2,0,0,0,0,0,0,1,0,0,4
নৌকাডুবি,0,5,0,0,0,1,0,0,0,0,0,0,0,0,0,6
নৌকাডুবি-সূচনা,0,0,0,0,0,0,0,0,0,2,0,0,0,0,0,2
নৌকাডুবি-১,0,0,0,1,0,0,0,0,0,0,0,0,1,1,0,3
নৌকাডুবি-১০,0,0,0,0,0,0,0,0,0,1,0,0,0,0,0,1
নৌকাডুবি-২,0,0,0,0,0,0,0,0,0,1,0,0,0,0,0,1
নৌকাডুবি-২৭_(৬),0,0,0,0,0,1,0,0,0,0,0,0,0,0,0,1
নৌকাডুবি-২৮_(২),0,0,0,0,0,0,0,0,0,0,0,0,0,1,0,1
নৌকাডুবি-৫,0,1,0,0,0,0,0,0,0,0,0,0,0,0,0,1
নৌকাডুবি-৭,0,0,0,0,0,0,0,0,0,1,0,0,0,0,0,1
পওহারী_বাবা,0,4,0,1,0,3,0,0,0,1,0,0,0,0,0,9
পওহারী_বাবা/প্রথম_অধ্যায়,0,0,0,0,0,0,0,0,0,1,0,0,0,0,0,1
পঞ্চভূত,0,1,0,0,0,0,0,0,0,0,0,0,0,0,0,1
পঞ্চভূত/কৌতুকহাস্যের_মাত্রা,0,0,0,0,0,0,0,0,0,1,0,0,0,0,0,1
পঞ্চভূত/পরিচয়,0,1,0,0,0,0,0,0,0,0,0,0,0,1,0,2
পঞ্চভূত/ভদ্রতার_আদর্শ,0,0,0,0,0,0,0,0,0,1,0,0,0,0,0,1
পঞ্চভূত/মনুষ্য,0,1,0,0,0,0,0,0,0,0,0,0,0,0,0,1
পঞ্চরাত্র,0,18,0,2,0,6,0,0,0,0,0,0,0,0,0,26
পত্রপুট,0,4,0,0,0,6,0,0,0,2,0,0,0,0,0,12
পত্রপুট/আজ_আমার_প্রণতি_গ্রহণ_করো_পৃথিবী,0,2,0,0,0,0,0,0,0,0,0,0,0,0,0,2
পথের_পাঁচালী,0,12,0,3,0,2,0,0,0,0,0,0,0,0,0,17
পথের_পাঁচালী/চতুর্থ_পরিচ্ছেদ,0,1,0,0,0,0,0,0,0,0,0,0,0,0,0,1
পথের_পাঁচালী/তৃতীয়_পরিচ্ছেদ,0,2,0,0,0,0,0,0,0,1,0,0,0,0,0,3
পথের_পাঁচালী/দ্বিতীয়_পরিচ্ছেদ,0,2,0,0,0,0,0,0,0,1,0,0,0,0,0,3
পথের_পাঁচালী/পঞ্চম_পরিচ্ছেদ,0,3,0,0,0,0,0,0,0,0,0,0,0,0,0,3
পথের_পাঁচালী/প্রথম_পরিচ্ছেদ,0,5,0,1,0,1,0,0,0,2,0,0,0,0,0,9
পদাবলী-মাধুর্য্য,0,7,0,0,0,0,0,0,0,0,0,0,0,0,0,7
পদাবলী-মাধুর্য্য/একাদশ_পরিচ্ছেদ,0,0,0,1,0,0,0,0,0,0,0,0,0,0,0,1
পদাবলী-মাধুর্য্য/তৃতীয়_পরিচ্ছেদ,0,0,0,0,0,0,0,0,0,1,0,0,0,0,0,1
পদাবলী-মাধুর্য্য/ত্রয়োদশ_পরিচ্ছেদ,0,0,0,0,0,0,0,0,0,2,0,0,0,0,0,2
পদাবলী-মাধুর্য্য/দ্বাদশ_পরিচ্ছেদ,0,0,0,2,0,1,0,0,0,1,0,0,0,1,0,5
পদাবলী-মাধুর্য্য/দ্বিতীয়_পরিচ্ছেদ,0,1,0,0,0,0,0,0,0,1,0,0,0,0,0,2
পদাবলী-মাধুর্য্য/নবম_পরিচ্ছেদ,0,1,0,0,0,1,0,0,0,0,0,0,0,0,0,2
পদাবলী-মাধুর্য্য/পঞ্চদশ_পরিচ্ছেদ,0,0,0,1,0,1,0,0,0,0,0,0,0,1,0,3
পদাবলী-মাধুর্য্য/পঞ্চম_পরিচ্ছেদ,0,0,0,0,0,0,0,0,0,1,0,0,0,0,0,1
পদাবলী-মাধুর্য্য/প্রথম_পরিচ্ছেদ,0,0,0,0,0,0,0,0,0,3,0,0,0,0,0,3
পদাবলী-মাধুর্য্য/ষষ্ঠ_পরিচ্ছেদ,0,0,0,0,0,0,0,0,0,1,0,0,0,0,0,1
পরিত্রাণ,0,4,0,0,0,1,0,0,0,1,0,0,0,0,0,6
পরিশেষ/বাঁশি,0,0,0,0,0,0,0,0,0,1,0,0,0,0,0,1
পরীর_পরিচয়,0,0,0,0,0,0,0,0,0,1,0,0,0,0,0,1
পলাতকা,0,5,0,0,0,4,0,0,0,2,0,0,0,0,0,11
পলাতকা/পলাতকা_(কবিতা),0,1,0,0,0,0,0,0,0,0,0,0,0,0,0,1
পল্লী-সমাজ,0,15,0,0,0,8,0,0,0,4,0,0,0,0,0,27
পল্লী-সমাজ/দ্বিতীয়_পরিচ্ছেদ,0,2,0,0,0,0,0,0,0,0,0,0,0,0,0,2
পল্লী-সমাজ/প্রথম_পরিচ্ছেদ,0,3,0,0,0,0,0,0,0,1,0,0,0,0,0,4
পল্লীপ্রকৃতি,0,7,0,0,0,0,0,0,0,0,0,0,0,0,0,7
পল্লীপ্রকৃতি/পল্লীসেবা,0,0,0,1,0,0,0,0,0,0,0,0,0,0,0,1
পশ্চিম-যাত্রীর_ডায়ারি,0,4,0,0,0,2,0,0,0,4,0,0,0,0,0,10
পাগলা_দাশু,0,4,0,0,0,0,0,0,0,1,0,0,0,0,0,5
পাণ্ডব_গীতা,0,6,0,0,0,3,0,0,0,0,0,0,0,0,0,9
পাণ্ডব_গীতা/ইন্দ্র_উবাচ,0,0,0,0,0,0,0,0,0,1,0,0,0,0,0,1
পাণ্ডব_গীতা/গৌতম_উবাচ,0,1,0,0,0,0,0,0,0,0,0,0,0,0,0,1
পাণ্ডব_গীতা/লোমহর্ষণ_উবাচ,0,0,0,0,0,0,0,0,0,1,0,0,0,0,0,1
পালামৌ,0,21,0,0,0,20,0,0,0,5,0,0,0,0,0,46
পালামৌ/তৃতীয়_প্রবন্ধ,0,0,0,0,0,1,0,0,0,0,0,0,0,0,0,1
পালামৌ/দ্বিতীয়_প্রবন্ধ,0,1,0,0,0,0,0,0,0,0,0,0,0,0,0,1
পালামৌ/প্রথম_প্রবন্ধ,0,1,0,0,0,0,0,0,0,4,0,0,1,0,0,6
পালোয়ান_(গল্প),0,0,0,1,0,0,0,0,0,1,0,0,0,0,0,2
পাষাণের_কথা,0,41,0,2,0,22,0,0,0,7,0,0,0,0,0,72
পাষাণের_কথা/পরিশিষ্ট,0,4,0,0,0,0,0,0,0,0,0,0,0,0,0,4
পাষাণের_কথা/১,0,2,0,1,0,0,0,0,0,0,0,0,0,0,0,3
পাষাণের_কথা/২,0,1,0,0,0,0,0,0,0,0,0,0,0,0,0,1
পাষাণের_কথা/৬,0,1,0,0,0,0,0,0,0,0,0,0,0,0,0,1
পিপাসা_(মহরম),0,0,0,1,0,0,0,0,0,0,0,0,0,0,0,1
পুনশ্চ,0,9,0,0,0,7,0,0,0,11,0,0,0,0,0,27
পুরাণের_গল্প,0,0,0,1,0,0,0,0,0,0,0,0,0,0,0,1
পূজার_সাজ,0,1,0,0,0,0,0,0,0,0,0,0,0,0,0,1
পেটে_ও_পিঠে,0,12,0,0,0,0,0,0,0,0,0,0,0,0,0,12
পোকা-মাকড়,0,21,0,3,0,5,0,0,0,0,0,0,0,0,0,29
পোকা-মাকড়/ষষ্ঠ_শাখার_প্রাণী/ঝিল্লীপক্ষ_পতঙ্গ/কুমরে-পোকা,0,3,0,0,0,0,0,0,0,0,0,0,0,0,0,3
প্রজাপতির_নির্বন্ধ,0,3,0,0,0,0,0,0,0,0,0,0,0,0,0,3
প্রফুল্ল,0,0,0,0,0,0,0,0,0,0,0,0,1,0,0,1
প্রবাসী/ষট্‌ত্রিংশ_ভাগ/প্রথম_খণ্ড/পাল-সাম্রাজ্যের_শাসন-প্রণালী,0,9,0,0,0,1,0,0,0,1,0,0,0,0,0,11
প্রভাত_সংগীত,0,3,0,0,0,1,0,0,0,0,0,0,0,0,0,4
প্রভাত_সংগীত/নির্ঝরের_স্বপ্নভঙ্গ,0,0,0,0,0,0,0,0,0,1,0,0,0,0,0,1
প্রাকৃতরস-শতদূষণী,0,44,0,0,0,30,0,0,0,28,0,0,0,0,0,102
প্রাচীন_সাহিত্য,0,4,0,0,0,3,0,0,0,1,0,0,0,0,0,8
প্রাচীন_সাহিত্য/কাদম্বরীচিত্র,0,1,0,0,0,0,0,0,0,0,0,0,0,0,0,1
প্রাচীন_সাহিত্য/কাব্যের_উপেক্ষিতা,0,3,0,0,0,0,0,0,0,0,0,0,0,0,0,3
প্রাচীন_সাহিত্য/মেঘদূত,0,4,0,1,0,0,0,0,0,0,0,0,0,0,0,5
প্রাচীন_সাহিত্য/রামায়ণ,0,1,0,0,0,0,0,0,0,1,0,0,0,0,0,2
প্রান্তিক,0,9,0,0,0,2,0,0,0,0,0,0,0,0,0,11
প্রান্তিক/২,0,1,0,0,0,0,0,0,0,0,0,0,0,0,0,1
ফিরোজা_বেগম,0,0,0,0,0,0,0,0,0,3,0,0,0,0,0,3
বঙ্গ_সাহিত্য_পরিচয়,0,0,0,0,0,0,0,0,0,6,0,0,0,0,0,6
বঙ্গলক্ষ্মীর_ব্রতকথা,0,5,0,0,0,0,0,0,0,1,0,0,0,0,0,6
বঙ্গসাহিত্যে_নারী,0,4,0,1,0,2,0,0,0,2,0,0,2,1,0,12
বছর-পঞ্চাশ_পূর্বের_একটা_কাহিনী,0,1,0,0,0,1,0,0,0,0,0,0,0,0,0,2
বড়দিদি,0,10,0,56,0,37,24,0,0,18,0,0,0,1,0,146
বড়দিদি/চতুর্থ_পরিচ্ছেদ,0,1,0,0,0,0,0,0,0,1,0,0,0,0,0,2
বড়দিদি/তৃতীয়_পরিচ্ছেদ,0,0,0,1,0,0,0,0,0,1,0,0,0,0,0,2
বড়দিদি/দ্বিতীয়_পরিচ্ছেদ,0,0,0,1,0,0,0,0,0,1,0,0,0,0,0,2
বড়দিদি/পঞ্চম_পরিচ্ছেদ,0,3,0,2,0,0,0,0,0,1,0,0,0,0,0,6
বড়দিদি/প্রথম_পরিচ্ছেদ,0,0,0,1,0,1,0,0,0,1,0,0,0,0,0,3
বড়দিদি/ষষ্ঠ_পরিচ্ছেদ,0,0,0,0,0,0,0,0,0,1,0,0,0,0,0,1
বদ্যি_বুড়ো,0,1,0,0,0,0,0,0,0,0,0,0,0,0,0,1
বন-ফুল,0,8,0,0,0,8,0,0,0,2,0,0,0,0,0,18
বন-ফুল/অষ্টম_সর্গ,0,0,0,1,0,0,0,0,0,0,0,0,0,0,0,1
বনবাণী,0,7,0,0,0,3,0,0,0,2,0,0,0,0,0,12
বনলতা_সেন,0,30,0,0,0,3,0,0,0,4,0,0,0,1,0,38
বনলতা_সেন_(কাব্যগ্রন্থ),0,3,0,0,0,0,0,0,0,2,0,0,0,0,0,5
বয়োবিভাগ,0,0,0,0,0,0,0,0,2,0,0,0,0,0,0,2
বর্তমান_রাজনৈতিক_প্রসঙ্গ,0,1,0,0,0,0,0,0,0,0,0,0,0,0,0,1
বর্তমান_হিন্দু-মুসলমান_সমস্যা,0,2,0,0,0,0,0,0,0,0,0,0,0,0,0,2
বর্ত্তমান_ভারত,0,3,0,0,0,0,0,0,0,0,0,0,0,0,0,3
বর্ষার_কবিতা,0,4,0,0,0,1,0,0,0,1,0,0,0,0,0,6
বশীকরণ,0,0,0,0,0,0,0,0,0,1,0,0,0,0,0,1
বসন্ত,0,3,0,0,0,1,0,0,0,2,0,0,0,0,0,6
বাংলা_বইয়ের_দুঃখ,0,1,0,0,0,0,0,0,0,0,0,0,0,0,0,1
বাংলাদেশ_গেজেট_অতিরিক্ত_এপ্রিল_২৭_২০১৬,0,0,0,0,0,0,0,0,0,1,0,0,0,0,0,1
বাংলাদেশ_গেজেট_অতিরিক্ত_সংখ্যা_জুন_৩_২০১২,0,0,0,0,0,0,0,0,0,2,0,0,0,0,0,2
বাংলাদেশ_গেজেট_অতিরিক্ত_সংখ্যা_মে_২২_২০১৪,0,0,0,0,0,0,0,0,0,1,0,0,0,0,0,1
বাংলাদেশের_স্বাধীনতা_যুদ্ধ_দলিলপত্র/রেসকোর্স_ময়দানে_প্রদত্ত_শেখ_মুজিবুর_রহমানের_ভাষণ,0,2,0,0,0,0,0,0,0,2,0,0,0,0,0,4
বাংলাভাষা-পরিচয়,0,2,0,0,0,1,0,0,0,1,0,0,0,0,0,4
বাংলাভাষা-পরিচয়/২২,0,0,0,0,0,0,0,0,0,1,0,0,0,0,0,1
বাখতিন,0,1,0,0,0,1,0,0,0,2,0,0,0,0,0,4
বাখতিন/জীবনপঞ্জি,0,2,0,0,0,0,0,0,0,0,0,0,0,0,0,2
বাগেশ্বরী_শিল্প-প্রবন্ধাবলী,0,0,0,1,0,0,0,0,0,0,0,0,0,0,0,1
বাগেশ্বরী_শিল্প-প্রবন্ধাবলী/শিল্পে_অধিকার,0,0,0,0,0,0,0,0,0,3,0,0,0,0,0,3
বাঙ্গলার_পরিচিত_পাখী,0,4,0,0,0,0,0,0,0,0,0,0,0,0,0,4
বাঙ্গালার_ইতিহাস_(ঈশ্বরচন্দ্র_বিদ্যাসাগর),0,0,0,0,0,0,0,0,0,2,0,0,0,0,0,2
বাঙ্গালার_ইতিহাস_(রাখালদাস_বন্দ্যোপাধ্যায়)_প্রথম_ভাগ,0,4,0,0,0,0,0,0,0,0,0,0,0,0,0,4
বাঙ্গালার_ইতিহাস_(রাখালদাস_বন্দ্যোপাধ্যায়)_প্রথম_ভাগ/প্রথম_পরিচ্ছেদ,0,7,0,0,0,0,0,0,0,0,0,0,0,0,0,7
বাচস্পতি,0,3,0,0,0,0,0,0,0,0,0,0,0,0,0,3
বাল্মীকিপ্রতিভা,0,3,0,0,0,2,0,0,0,2,0,0,0,0,0,7
বাল্যস্মৃতি,0,1,0,0,0,0,0,0,0,0,0,0,0,0,0,1
বাসন্তিকা,0,7,0,0,0,5,0,0,0,0,0,0,0,0,0,12
বিচিত্র_প্রবন্ধ,0,0,0,0,0,4,0,0,0,0,0,0,0,0,0,4
বিচিত্র_প্রবন্ধ/ছোটোনাগপুর,0,0,0,0,0,0,0,0,0,1,0,0,0,0,0,1
বিচিত্র_প্রবন্ধ/রঙ্গমঞ্চ,0,1,0,0,0,0,0,0,0,0,0,0,0,0,0,1
বিচিত্র_প্রবন্ধ/লাইব্রেরি,0,0,0,0,0,0,0,0,0,1,0,0,0,0,0,1
বিচিত্রিতা,0,6,0,0,0,5,0,0,0,3,0,0,0,0,0,14
বিজ্ঞান_বাবু,0,42,0,1,0,13,0,0,0,4,0,0,0,0,0,60
বিজ্ঞানরহস্য,0,2,0,0,0,0,0,0,0,0,0,0,0,0,0,2
বিদায়-অভিশাপ,0,6,0,0,0,3,0,0,0,0,0,0,1,0,0,10
বিদায়-আরতি,0,0,0,0,0,0,0,0,0,1,0,0,0,0,0,1
বিদ্যাসাগর_চরিত_(ঈশ্বরচন্দ্র_বিদ্যাসাগর)/দ্বিতীয়_পরিচ্ছেদ,0,2,0,0,0,0,0,0,0,1,0,0,0,0,0,3
বিদ্যাসাগর_চরিত_(ঈশ্বরচন্দ্র_বিদ্যাসাগর)/প্রথম_পরিচ্ছেদ,0,6,0,0,0,0,0,0,0,0,0,0,0,0,0,6
বিবিধ/বঙ্গদর্শন,0,1,0,0,0,0,0,0,0,0,0,0,0,0,0,1
বিবিধ/বাঙ্গালার_ইতিহাস_সম্বন্ধে_কয়েকটি_কথা,0,3,0,0,0,0,0,0,0,0,0,0,0,0,0,3
বিবিধ_কাব্য,0,18,0,5,0,8,0,0,0,2,0,0,0,0,0,33
বিবিধ_কাব্য/আত্ম-বিলাপ,0,0,0,0,0,0,0,0,0,1,0,0,0,0,0,1
বিবিধ_কাব্য/নীতিগর্ভ_কাব্য_—_পীড়িত_সিংহ_ও_অন্যান্য_পশু,0,1,0,0,0,0,0,0,0,0,0,0,0,0,0,1
বিবিধ_প্রসঙ্গ,0,2,0,0,0,3,0,0,0,1,0,0,0,0,0,6
বিবেকানন্দ,0,0,0,0,0,0,0,0,0,1,0,0,1,0,0,2
বিলাসী,0,13,0,1,0,1,0,0,0,1,0,0,0,0,0,16
বিশ্বকোষ,0,7,0,1,0,0,0,0,0,3,0,0,0,0,0,11
বিশ্বকোষ/বঙ্কর,0,0,0,0,0,1,0,0,0,1,0,0,0,0,0,2
বিশ্বকোষ/বঙ্কিমচন্দ্র_চট্টোপাধ্যায়,0,8,0,0,0,3,0,0,0,3,0,0,0,0,0,14
বিশ্বকোষ/বঙ্গদেশ,0,1,0,0,0,0,0,0,0,0,0,0,0,0,0,1
বিশ্বপরিচয়,0,1,0,0,0,2,0,0,0,1,0,0,0,0,0,4
বিশ্বপরিচয়/পরমাণুলোক,0,0,0,0,0,0,0,0,0,1,0,0,0,0,0,1
বিশ্বভারতী,0,2,0,0,0,1,0,0,0,1,0,0,0,0,0,4
বিষম_চিন্তা,0,1,0,0,0,0,0,0,0,1,0,0,0,0,0,2
বিষাদ-সিন্ধু,0,0,0,0,0,0,0,0,0,2,0,0,0,0,0,2
বিষাদ_সিন্ধু,0,0,0,0,0,0,0,0,0,1,0,0,0,0,0,1
বিষাদ_সিন্ধু/উদ্ধার_পর্ব/চতুর্বিংশ_প্রবাহ,0,1,0,0,0,0,0,0,0,0,0,0,0,0,0,1
বিষাদ_সিন্ধু/উদ্ধার_পর্ব/ত্রিংশ_প্রবাহ/৩,0,1,0,0,0,0,0,0,0,0,0,0,0,0,0,1
বিষাদ_সিন্ধু/এজিদ-বধ_পর্ব/দ্বিতীয়_প্রবাহ/১,0,1,0,0,0,0,0,0,0,0,0,0,0,0,0,1
বিষাদ_সিন্ধু/মহরম_পর্ব/চতুর্বিংশ_প্রবাহ_/১,0,1,0,0,0,0,0,0,0,0,0,0,0,0,0,1
বিষাদ_সিন্ধু/মহরম_পর্ব/দ্বিতীয়_প্রবাহ,0,0,0,0,0,0,0,0,0,1,0,0,0,0,0,1
বিষাদ_সিন্ধু/মহরম_পর্ব/পঞ্চবিংশ_প্রবাহ_/১,0,0,0,0,0,1,0,0,0,0,0,0,0,0,0,1
বিষাদ_সিন্ধু/মহরম_পর্ব/প্রথম_প্রবাহ,0,0,0,0,0,0,0,0,0,1,0,0,0,0,0,1
বিষ্ণুপুরাণ,0,1,0,0,0,0,0,0,0,0,0,0,1,0,0,2
বীরপুরুষ,0,1,0,0,0,0,0,0,0,0,0,0,0,0,0,1
বীরাঙ্গনা_কাব্য,0,31,0,1,0,3,0,0,0,4,0,0,0,0,0,39
বীরাঙ্গনা_কাব্য/দ্বিতীয়_সর্গ-তারাপত্রিকা,0,3,0,0,0,0,0,0,0,0,0,0,0,1,0,4
বীরাঙ্গনা_কাব্য/প্রথম_সর্গ-শকুন্তলাপত্রিকা,0,4,0,1,0,0,0,0,0,0,0,0,1,1,0,7
বুড়ো_আংলা,0,8,0,59,0,37,22,0,0,4,0,0,0,1,0,131
বুড়ো_আংলা/আমতলি,0,2,0,0,0,0,0,0,0,2,0,0,0,0,0,4
বুড়ো_আংলা/আসামী_বুরুঞ্জি,0,0,0,0,0,0,0,0,0,2,0,0,0,0,0,2
বুড়ো_আংলা/চকা-নিকোবর,0,0,0,0,0,0,0,0,0,1,0,0,0,0,0,1
বুড়ো_আংলা/চলন_বিল,0,2,0,0,0,0,0,0,0,3,0,0,0,0,0,5
বুড়ো_আংলা/টুং-সোন্নাটা-ঘুম,0,1,0,0,0,0,0,0,0,1,0,0,0,0,0,2
বুড়ো_আংলা/যোগী-গোফা,0,0,0,0,0,0,0,0,0,1,0,0,0,0,0,1
বুড়ো_আংলা/শৃগাল,0,0,0,0,0,0,0,0,0,1,0,0,0,0,0,1
বুড়ো_আংলা/হং_পাল,0,0,0,0,0,0,0,0,0,1,0,0,0,0,0,1
বুদ্ধের_জীবন_ও_বাণী,0,1,0,0,0,0,0,0,0,0,0,0,0,0,0,1
বুদ্ধের_জীবন_ও_বাণী/অন্তিম_জীবন,0,0,0,0,0,0,0,0,0,1,0,0,1,1,0,3
বুদ্ধের_জীবন_ও_বাণী/বৌদ্ধ_গৃহ_ও_গৃহী,0,0,0,1,0,0,0,0,0,1,0,0,0,0,0,2
বুদ্ধের_জীবন_ও_বাণী/সাধনা_ও_বোধিলাভ,0,1,0,0,0,0,0,0,0,0,0,0,0,0,0,1
বেতালপঞ্চবিংশতি,0,59,0,1,0,46,0,0,0,9,0,0,0,1,0,116
বেতালপঞ্চবিংশতি/উপক্রমণিকা,0,0,0,0,0,1,0,0,0,0,0,0,0,0,0,1
বেতালপঞ্চবিংশতি/তৃতীয়_উপাখ্যান,0,0,0,0,0,1,0,0,0,1,0,0,0,0,0,2
বেতালপঞ্চবিংশতি/প্রথম_উপাখ্যান,0,0,0,0,0,1,0,0,0,1,0,0,0,0,0,2
বেতালপঞ্চবিংশতি/ষষ্ঠ_উপাখ্যান,0,0,0,0,0,0,0,0,0,1,0,0,0,0,0,1
বেহেস্তের_বয়ান,0,14,0,0,0,14,0,0,0,4,0,0,0,0,0,32
বৌ-ঠাকুরাণীর_হাট,0,4,0,0,0,6,0,0,0,3,0,0,0,1,0,14
বৌ-ঠাকুরাণীর_হাট/পঞ্চম_পরিচ্ছেদ,0,1,0,0,0,0,0,0,0,0,0,0,0,0,0,1
বৌ-ঠাকুরাণীর_হাট/প্রথম_পরিচ্ছেদ,0,0,0,0,0,0,0,0,0,1,0,0,0,0,0,1
ব্যক্তিপ্রসঙ্গ/নমস্কার_(ব্যক্তিপ্রসঙ্গ),0,2,0,0,0,0,0,0,0,0,0,0,0,0,0,2
ব্যক্তিপ্রসঙ্গ/ব্রজেন্দ্রনাথ_শীল,0,1,0,0,0,0,0,0,0,0,0,0,0,0,0,1
ব্যঙ্গকৌতুক,0,4,0,0,0,3,0,0,0,3,0,0,0,0,0,10
ব্রহ্মবৈবর্ত_পুরাণ,0,0,0,0,0,0,0,0,0,1,0,0,0,0,0,1
ভজন_পূজন_সাধন_আরাধনা,0,2,0,0,0,1,0,0,0,2,0,0,0,0,0,5
ভবিষ্যতের_রঙ্গভূমি,0,1,0,0,0,0,0,0,0,0,0,0,0,0,0,1
ভাগ্য-বিড়ম্বিত_লেখক-সম্প্রদায়,0,1,0,0,0,0,0,0,0,0,0,0,0,0,0,1
ভানুসিংহ_ঠাকুরের_পদাবলী,0,10,0,0,0,3,0,0,0,2,0,0,0,0,0,15
ভানুসিংহ_ঠাকুরের_পদাবলী/১,0,0,0,3,0,0,0,0,0,5,0,0,0,0,0,8
ভানুসিংহ_ঠাকুরের_পদাবলী/১০,0,0,0,0,0,0,0,0,0,4,0,0,0,0,0,4
ভানুসিংহ_ঠাকুরের_পদাবলী/১১,0,0,0,0,0,0,0,0,0,2,0,0,0,0,0,2
ভানুসিংহ_ঠাকুরের_পদাবলী/২,0,1,0,0,0,0,0,0,0,4,0,0,0,0,0,5
ভানুসিংহ_ঠাকুরের_পদাবলী/২০,0,1,0,0,0,0,0,0,0,0,0,0,0,0,0,1
ভানুসিংহ_ঠাকুরের_পদাবলী/২১,0,1,0,0,0,1,0,0,0,1,0,0,0,1,0,4
ভানুসিংহ_ঠাকুরের_পদাবলী/৩,0,0,0,0,0,0,0,0,0,2,0,0,0,0,0,2
ভানুসিংহ_ঠাকুরের_পদাবলী/৪,0,0,0,0,0,0,0,0,0,2,0,0,0,0,0,2
ভানুসিংহ_ঠাকুরের_পদাবলী/৫,0,0,0,0,0,0,0,0,0,5,0,0,0,0,0,5
ভানুসিংহ_ঠাকুরের_পদাবলী/৬,0,0,0,0,0,0,0,0,0,3,0,0,0,0,0,3
ভানুসিংহ_ঠাকুরের_পদাবলী/৭,0,1,0,0,0,0,0,0,0,3,0,0,0,0,0,4
ভানুসিংহ_ঠাকুরের_পদাবলী/৮,0,0,0,1,0,0,0,0,0,4,0,0,0,0,0,5
ভানুসিংহ_ঠাকুরের_পদাবলী/৯,0,0,0,0,0,0,0,0,0,3,0,0,0,0,0,3
ভাব_ও_অভাব,0,2,0,0,0,0,0,0,0,0,0,0,0,0,0,2
ভাব_প্রকরণ,0,0,0,0,0,0,0,0,2,0,0,0,0,0,0,2
ভারত_দীধিতি,0,23,0,0,0,17,0,0,0,9,0,0,0,0,0,49
ভারতবর্ষ,0,1,0,0,0,0,0,0,0,0,0,0,0,0,0,1
ভারতবর্ষ/অত্যুক্তি,0,0,0,1,0,0,0,0,0,0,0,0,0,0,0,1
ভারতবর্ষ/ভারতবর্ষের_ইতিহাস,0,3,0,0,0,0,0,0,0,0,0,0,0,0,0,3
ভারতবর্ষে,0,8,0,0,0,2,0,0,0,0,0,0,0,0,0,10
ভারতবর্ষে/ব্রাহ্মণ্যশাস্ত্রের_মায়াবাদ_ও_অদ্বৈতবাদ,0,1,0,0,0,0,0,0,0,0,0,0,0,0,0,1
ভারতভিক্ষা,0,2,0,0,0,1,0,0,0,1,0,0,0,0,0,4
ভারতশিল্পে_মূর্তি,0,3,0,5,0,3,0,0,0,1,0,0,0,0,0,12
ভারতশিল্পে_মূর্তি/আকৃতি_ও_প্রকৃতি,0,2,0,0,0,2,0,0,0,0,0,0,0,0,0,4
ভারতী/শ্রাবণ_১২৮৪/ভারতী,0,1,0,0,0,0,0,0,0,0,0,0,0,0,0,1
ভালোমানুষ,0,1,0,0,0,0,0,0,0,0,0,0,0,0,0,1
ভুল_সুকোমল,0,3,0,0,0,0,0,0,0,1,0,0,0,0,0,4
ভূগোল_সার,0,3,0,0,0,0,0,0,0,1,0,0,0,0,0,4
ভ্রান্তিবিলাস,0,2,0,0,0,1,0,0,0,0,0,0,1,0,0,4
ভ্রান্তিবিলাস/চতুর্থ_পরিচ্ছেদ,0,1,0,0,0,0,0,0,0,0,0,0,0,0,0,1
ভ্রান্তিবিলাস/তৃতীয়_পরিচ্ছেদ,0,1,0,0,0,0,0,0,0,0,0,0,0,0,0,1
ভ্রান্তিবিলাস/দ্বিতীয়_পরিচ্ছেদ,0,1,0,0,0,0,0,0,0,0,0,0,0,0,0,1
ভ্রান্তিবিলাস/পঞ্চম_পরিচ্ছেদ,0,1,0,0,0,0,0,0,0,0,0,0,0,0,0,1
ভ্রান্তিবিলাস/প্রথম_পরিচ্ছেদ,0,4,0,0,0,0,0,0,0,0,0,0,0,0,0,4
মতিচূর,0,4,0,0,0,0,0,0,0,0,0,0,0,0,0,4
মতিচূর_(দ্বিতীয়_খণ্ড)/সুলতানার_স্বপ্ন,0,0,0,0,0,0,0,0,0,1,0,0,0,0,0,1
মন্ত্রি-অভিষেক,0,2,0,0,0,1,0,0,0,0,0,0,0,0,0,3
ময়ূখ,0,48,0,1,0,37,0,0,0,13,0,0,0,0,0,99
ময়ূখ/প্রথম_পরিচ্ছেদ,0,1,0,0,0,0,0,0,0,0,0,0,0,0,0,1
মহাত্মা_গান্ধী,0,0,0,1,0,0,0,0,0,0,0,0,0,0,0,1
মহাত্মা_গান্ধী/গান্ধীজি,0,0,0,0,0,0,0,0,0,0,0,0,0,1,0,1
মহাত্মাজী,0,1,0,0,0,0,0,0,0,0,0,0,0,0,0,1
মহাত্মার_পদত্যাগ,0,1,0,0,0,0,0,0,0,0,0,0,0,0,0,1
মহাভারতঃ_আদিপর্ব,0,0,0,0,0,0,0,0,0,1,0,0,0,0,0,1
মহেশ,0,12,0,3,0,0,0,0,0,1,0,0,0,0,0,16
মাতৃ-স্নেহ_ও_ঈশ-স্তুতি,0,3,0,0,0,1,0,0,0,1,0,0,0,0,0,5
মাতৃভাষা_এবং_সাহিত্য,0,1,0,0,0,0,0,0,0,0,0,0,0,0,0,1
মানবপুত্র,0,2,0,0,0,0,0,0,0,0,0,0,0,0,0,2
মানবাধিকারের_সার্বজনীন_ঘোষণাপত্র,0,54,2,0,0,34,0,0,0,19,0,0,0,0,0,109
মানসী,0,16,0,0,0,2,0,0,0,3,0,0,0,1,0,22
মানসী/আমার_সুখ,0,0,0,0,0,0,0,0,0,0,0,0,0,1,0,1
মানসী/গুপ্ত_প্রেম,0,1,0,0,0,0,0,0,0,0,0,0,0,0,0,1
মানসী/নারীর_উক্তি,0,1,0,0,0,0,0,0,0,0,0,0,0,0,0,1
মানসী/পুরুষের_উক্তি,0,0,0,0,0,1,0,0,0,0,0,0,0,0,0,1
মানসী/সূচনা,0,0,0,0,0,0,0,0,0,1,0,0,0,0,0,1
মানুষের_ধর্ম্ম,0,20,0,0,0,10,0,0,0,11,0,0,0,0,0,41
মামলার_ফল,0,1,0,0,0,0,0,0,0,0,0,0,0,0,0,1
মায়াবাঁশী,0,6,0,0,0,3,0,0,0,0,0,0,0,1,0,10
মার্কাস্‌_অরিলিয়সের_আত্মচিন্তা,0,6,0,0,0,1,0,0,0,1,0,0,0,0,0,8
মার্কাস্‌_অরিলিয়সের_আত্মচিন্তা/তৃতীয়_পরিচ্ছেদ,0,0,0,0,0,0,0,0,0,3,0,0,0,0,0,3
মার্কাস্‌_অরিলিয়সের_আত্মচিন্তা/দ্বিতীয়_পরিচ্ছেদ,0,0,0,0,0,0,0,0,0,2,0,0,0,0,0,2
মার্কাস্‌_অরিলিয়সের_আত্মচিন্তা/প্রথম_পরিচ্ছেদ,0,0,0,0,0,0,0,0,0,2,0,0,0,0,0,2
মালঞ্চ/১,0,1,0,0,0,0,0,0,0,1,0,0,0,0,0,2
মালঞ্চ/১০,0,1,0,0,0,0,0,0,0,0,0,0,0,0,0,1
মালঞ্চ/২,0,1,0,0,0,0,0,0,0,0,0,0,0,0,0,1
মালঞ্চ/৩,0,1,0,0,0,0,0,0,0,0,0,0,0,0,0,1
মালঞ্চ/৪,0,1,0,0,0,0,0,0,0,0,0,0,0,0,0,1
মালঞ্চ/৫,0,1,0,0,0,0,0,0,0,0,0,0,0,0,0,1
মালঞ্চ/৬,0,1,0,0,0,1,0,0,0,0,0,0,0,0,0,2
মালঞ্চ/৭,0,1,0,0,0,0,0,0,0,0,0,0,0,0,0,1
মালঞ্চ/৮,0,1,0,0,0,0,0,0,0,0,0,0,0,0,0,1
মালঞ্চ/৯,0,1,0,0,0,0,0,0,0,0,0,0,0,0,0,1
মিস্‌মিদের_কবচ,0,3,0,0,0,3,0,0,0,2,0,0,0,0,0,8
মিস্‌মিদের_কবচ/অষ্টম_পরিচ্ছেদ,0,2,0,0,0,0,0,0,0,0,0,0,0,0,0,2
মিস্‌মিদের_কবচ/একাদশ_পরিচ্ছেদ,0,2,0,0,0,0,0,0,0,0,0,0,0,0,0,2
মিস্‌মিদের_কবচ/চতুর্থ_পরিচ্ছেদ,0,2,0,0,0,0,0,0,0,0,0,0,0,0,0,2
মিস্‌মিদের_কবচ/চতুর্দশ_পরিচ্ছেদ,0,2,0,0,0,0,0,0,0,0,0,0,0,0,0,2
মিস্‌মিদের_কবচ/তৃতীয়_পরিচ্ছেদ,0,1,0,0,0,0,0,0,0,0,0,0,0,0,0,1
মিস্‌মিদের_কবচ/ত্রয়োদশ_পরিচ্ছেদ,0,2,0,0,0,0,0,0,0,0,0,0,0,0,0,2
মিস্‌মিদের_কবচ/দশম_পরিচ্ছেদ,0,2,0,0,0,0,0,0,0,0,0,0,0,0,0,2
মিস্‌মিদের_কবচ/দ্বাদশ_পরিচ্ছেদ,0,2,0,0,0,0,0,0,0,0,0,0,0,0,0,2
মিস্‌মিদের_কবচ/দ্বিতীয়_পরিচ্ছেদ,0,3,0,0,0,0,0,0,0,0,0,0,0,0,0,3
মিস্‌মিদের_কবচ/নবম_পরিচ্ছেদ,0,1,0,0,0,0,0,0,0,0,0,0,0,0,0,1
মিস্‌মিদের_কবচ/পঞ্চদশ_পরিচ্ছেদ,0,2,0,0,0,0,0,0,0,0,0,0,0,0,0,2
মিস্‌মিদের_কবচ/পঞ্চম_পরিচ্ছেদ,0,2,0,0,0,0,0,0,0,0,0,0,0,0,0,2
মিস্‌মিদের_কবচ/প্রথম_পরিচ্ছেদ,0,3,0,0,0,0,0,0,0,0,0,0,0,0,0,3
মিস্‌মিদের_কবচ/ষষ্ঠ_পরিচ্ছেদ,0,2,0,0,0,0,0,0,0,0,0,0,0,0,0,2
মিস্‌মিদের_কবচ/সপ্তম_পরিচ্ছেদ,0,2,0,0,0,0,0,0,0,0,0,0,0,0,0,2
মুক্তধারা,0,67,0,0,0,41,0,0,0,6,0,0,0,1,0,115
মুচিরাম_গুড়ের_জীবন-চরিত,0,3,0,0,0,1,0,0,0,0,0,0,1,0,0,5
মুর্শিদাবাদ-কাহিনী,0,0,0,1,0,0,0,0,0,0,0,0,0,1,0,2
মুসলিম_সাহিত্য-সমাজ,0,2,0,0,0,0,0,0,0,0,0,0,0,0,0,2
মৃত_পৃথিবী,0,1,0,0,0,0,0,0,0,0,0,0,0,0,0,1
মেঘ_ঢাকা_আলো,0,15,0,0,0,1,0,0,0,0,0,0,0,0,0,16
মেঘনাদবধ_কাব্য,0,10,0,1,0,0,0,0,0,1,0,0,1,0,0,13
মেঘনাদবধ_কাব্য/অষ্টম_সর্গ,0,0,0,0,0,0,0,0,0,1,0,0,0,0,0,1
মেঘনাদবধ_কাব্য/চতুর্থ_সর্গ,0,8,0,0,0,0,0,0,0,3,0,0,0,0,0,11
মেঘনাদবধ_কাব্য/তৃতীয়_সর্গ,0,2,0,0,0,0,0,0,0,3,0,0,1,1,0,7
মেঘনাদবধ_কাব্য/দ্বিতীয়_সর্গ,0,1,0,0,0,0,0,0,0,3,0,0,0,0,0,4
মেঘনাদবধ_কাব্য/পঞ্চম_সর্গ,0,0,0,0,0,0,0,0,0,1,0,0,0,0,0,1
মেঘনাদবধ_কাব্য/প্রথম_সর্গ,0,20,0,1,0,0,0,0,0,3,0,0,1,0,0,25
মেঘনাদবধ_কাব্য/মঙ্গলাচরণ,0,0,0,0,0,0,0,0,0,3,0,0,0,0,0,3
মেঘনাদবধ_কাব্য/ষষ্ঠ_সর্গ,0,18,0,1,0,1,0,0,0,2,0,0,0,1,0,23
মেঘনাদবধ_কাব্য/সপ্তম_সর্গ,0,0,0,0,0,0,0,0,0,1,0,0,0,0,0,1
মো_মাকসুদুর_রহমান,0,0,0,0,0,0,0,0,0,1,0,0,0,0,0,1
মোগল_যুগে_স্ত্রীশিক্ষা,0,29,0,0,0,7,0,0,0,2,0,0,0,1,0,39
যন্ত্রকোষ,0,3,0,0,0,0,0,0,0,1,0,0,0,0,0,4
য়ুরোপ-প্রবাসীর_পত্র,0,5,0,0,0,4,0,0,0,2,0,0,0,0,0,11
য়ুরোপ-যাত্রীর_ডায়ারি,0,3,0,0,0,3,0,0,0,0,0,0,0,0,0,6
যুগলাঙ্গুরীয়,0,1,0,0,0,0,0,0,0,0,0,0,0,0,0,1
যুব-সঙ্ঘ,0,1,0,0,0,0,0,0,0,0,0,0,0,0,0,1
যে_রাতে_মোর_দুয়ারগুলি_ভাঙল_ঝড়ে,0,4,0,0,0,0,0,0,0,0,0,0,1,0,0,5
যোগাযোগ,0,3,0,1,0,3,0,0,0,0,0,0,2,1,0,10
যোগাযোগ/২,0,0,0,0,0,0,0,0,0,0,0,0,0,1,0,1
যোগাযোগ/৫৮,0,1,0,0,0,1,0,0,0,1,0,0,0,0,0,3
রক্তকরবী,0,8,0,1,0,1,0,0,0,0,0,0,1,0,0,11
রবিবার,0,1,0,0,0,0,0,0,0,1,0,0,0,1,0,3
রবীন্দ্র-জয়ন্তী_উপলক্ষে_মানপত্র,0,4,0,0,0,1,0,0,0,2,0,0,0,0,0,7
রস-সেবায়েৎ,0,1,0,0,0,0,0,0,0,0,0,0,0,0,0,1
রসকেলী,0,4,0,0,0,4,0,0,0,1,0,0,0,0,0,9
রসচক্র,0,1,0,0,0,0,0,0,0,0,0,0,0,0,0,1
রসমঞ্জরী,0,6,0,0,0,0,0,0,2,0,0,0,0,0,0,8
রসিক,0,0,0,0,0,0,0,0,0,2,0,0,0,0,0,2
রাজমালা_(ভূপেন্দ্রচন্দ্র_চক্রবর্তী),0,12,0,0,0,0,0,0,0,0,0,0,0,0,0,12
রাজমালা_(ভূপেন্দ্রচন্দ্র_চক্রবর্তী)/চতুর্থ_পরিচ্ছেদ/৭,0,0,0,0,0,0,0,0,0,1,0,0,0,0,0,1
রাজমালা_(ভূপেন্দ্রচন্দ্র_চক্রবর্তী)/দ্বিতীয়_পরিচ্ছেদ/৬,0,0,0,0,0,0,0,0,0,1,0,0,0,0,0,1
রাজমালা_(ভূপেন্দ্রচন্দ্র_চক্রবর্তী)/দ্বিতীয়_পরিচ্ছেদ/৭,0,0,0,0,0,0,0,0,0,0,0,0,1,0,0,1
রাজমালা_(ভূপেন্দ্রচন্দ্র_চক্রবর্তী)/পূর্বকথা,0,20,0,0,0,0,0,0,0,1,0,0,0,0,0,21
রাজমালা_(ভূপেন্দ্রচন্দ্র_চক্রবর্তী)/প্রথম_পরিচ্ছেদ/১,0,0,0,0,0,1,0,0,0,0,0,0,0,0,0,1
রাজযোগ,0,4,0,0,0,0,0,0,0,1,0,0,0,0,0,5
রাজর্ষি,0,5,0,1,0,4,0,0,0,1,0,0,1,0,0,12
রাজর্ষি-২০,0,0,0,0,0,0,0,0,0,1,0,0,0,0,0,1
রাজর্ষি-২৮,0,0,0,1,0,0,0,0,0,0,0,0,0,0,0,1
রাজসিংহ,0,4,0,0,0,0,0,0,0,0,0,0,0,0,0,4
রাজা_প্রজা,0,1,0,0,0,0,0,0,0,0,0,0,0,0,0,1
রাজা_প্রজা/অপমানের_প্রতিকার,0,0,0,0,0,0,0,0,0,1,0,0,0,0,0,1
রাজা_প্রজা/ইম্পীরিয়লিজ্‌ম্,0,0,0,0,0,0,0,0,0,1,0,0,0,0,0,1
রাজা_প্রজা/কণ্ঠরোধ,0,0,0,0,0,0,0,0,0,1,0,0,0,0,0,1
রাজা_প্রজা/পথ_ও_পাথেয়,0,0,0,0,0,0,0,0,0,1,0,0,0,0,0,1
রাজা_প্রজা/রাজভক্তি,0,0,0,0,0,0,0,0,0,1,0,0,0,0,0,1
রাজা_প্রজা/সমস্যা,0,0,0,0,0,0,0,0,0,1,0,0,0,0,0,1
রাজা_প্রজা/সুবিচারের_অধিকার,0,0,0,0,0,0,0,0,0,1,0,0,0,0,0,1
রামতনু_লাহিড়ী_ও_তৎকালীন_বঙ্গসমাজ,0,1,0,3,0,0,0,0,0,0,0,0,0,0,0,4
রামতনু_লাহিড়ী_ও_তৎকালীন_বঙ্গসমাজ/একাদশ_পরিচ্ছেদ,0,0,0,1,0,0,0,0,0,0,0,0,0,0,0,1
রামতনু_লাহিড়ী_ও_তৎকালীন_বঙ্গসমাজ/তৃতীয়_পরিচ্ছেদ,0,0,0,0,0,0,0,0,0,1,0,0,0,0,0,1
রামতনু_লাহিড়ী_ও_তৎকালীন_বঙ্গসমাজ/নবম_পরিচ্ছেদ,0,0,0,1,0,0,0,0,0,0,0,0,0,1,0,2
রামতনু_লাহিড়ী_ও_তৎকালীন_বঙ্গসমাজ/প্রথম_পরিচ্ছেদ,0,0,0,1,0,1,0,0,0,2,0,0,0,0,0,4
রামতনু_লাহিড়ী_ও_তৎকালীন_বঙ্গসমাজ/ষষ্ঠ_পরিচ্ছেদ,0,0,0,1,0,0,0,0,0,0,0,0,1,1,0,3
রায়_দীনবন্ধু_মিত্র_বাহাদুরের_জীবনী,0,25,0,0,0,21,0,0,0,4,0,0,0,0,0,50
রায়_নন্দিনী,0,0,0,0,0,0,0,0,0,1,0,0,0,0,0,1
রায়_নন্দিনী/দশম_পরিচ্ছেদ,0,1,0,0,0,0,0,0,0,0,0,0,0,0,0,1
রায়_নন্দিনী/প্রথম_পরিচ্ছেদ,0,0,0,0,0,0,0,0,0,1,0,0,0,0,0,1
রাশিয়ার_চিঠি,0,2,0,0,0,0,0,0,0,3,0,0,0,0,0,5
রাশিয়ার_চিঠি/১,0,1,0,0,0,0,0,0,0,1,0,0,1,0,0,3
রাশিয়ার_চিঠি/২,0,0,0,0,0,0,0,0,0,1,0,0,2,1,0,4
রাশিয়ার_চিঠি/৩,0,1,0,0,0,0,0,0,0,1,0,0,1,0,0,3
রাশিয়ার_চিঠি/৪,0,0,0,0,0,0,0,0,0,1,0,0,0,0,0,1
রূপসাগরে_ডুব_দিয়েছি,0,1,0,0,0,0,0,0,0,0,0,0,0,0,0,1
রূপান্তর,0,1,0,0,0,2,0,0,0,2,0,0,0,0,0,5
রোগীর_বন্ধু,0,2,0,0,0,0,0,0,0,0,0,0,0,0,0,2
রোগের_চিকিৎসা,0,9,0,0,0,0,0,0,0,1,0,0,0,0,0,10
রোমিও-জুলিয়েত,0,1,0,3,0,0,0,0,0,0,0,0,0,0,0,4
রোমিও-জুলিয়েত/প্রথম_অঙ্ক/প্রথম_দৃশ্য,0,0,0,0,0,0,0,0,0,1,0,0,0,0,0,1
রোমিও-জুলিয়েত/রোমিও-জুলিয়েতের_ভূমিকা,0,0,0,1,0,0,0,0,0,1,0,0,1,1,0,4
ললিতাসুন্দরী_ও_কবিতাবলী,0,4,0,0,0,3,0,0,0,0,0,0,0,0,0,7
লালন-গীতিকা,0,11,0,0,0,0,0,0,0,2,0,0,0,1,0,14
লালন-গীতিকা/অনেক_ভাগ্যের_ফলে_সে_চাঁদ_কেউ_দেখিতে_পায়,0,1,0,0,0,0,0,0,0,1,0,0,0,0,0,2
লালন-গীতিকা/অন্তিম_কালের_কালে_ও_কি_হয়_না_জানি,0,1,0,0,0,0,0,0,0,0,0,0,0,0,0,1
লালন-গীতিকা/অমাবস্যার_দিনে_চন্দ্র_থাকেন_যেয়ে_কোন_শহরে,0,0,0,0,0,0,0,0,0,1,0,0,0,0,0,1
লালন-গীতিকা/আজব_আয়না-মহল_মণি_গভীরে,0,0,0,0,0,0,0,0,0,1,0,0,0,0,0,1
লালন-গীতিকা/আজব_রং_ফকিরি_সাধা_সোহাগিনী_সাঁই,0,0,0,0,0,1,0,0,0,0,0,0,0,0,0,1
লালন-গীতিকা/আঠার_মোকামে_একটি_রূপের_বাতি_জ্বলছে_সদাই,0,0,0,0,0,0,0,0,0,2,0,0,0,0,0,2
লালন-গীতিকা/আপন_ঘরের_খবর_লে_না,0,0,0,0,0,0,0,0,0,1,0,0,0,0,0,1
লালন-গীতিকা/আপনারে_আপনি_চিনি_নে,0,0,0,1,0,0,0,0,0,1,0,0,0,1,0,3
লালন-গীতিকা/আবহায়াতের_নদী_কোনখানে,0,0,0,0,0,0,0,0,0,1,0,0,0,0,0,1
লালন-গীতিকা/আমার_ঘর_খানায়_কে_বিরাজ_করে,0,3,0,0,0,0,0,0,0,0,0,0,0,0,0,3
লালন-গীতিকা/আমার_দেহ-নদীর_বেগ_থাকে_না,0,0,0,0,0,0,0,0,0,1,0,0,0,0,0,1
লালন-গীতিকা/আমি_জন্ম-দুঃখী_কপাল-পোড়া,0,1,0,0,0,0,0,0,0,0,0,0,0,0,0,1
লালন-গীতিকা/আল্লা_বল_মন_রে_পাখী,0,3,0,0,0,0,0,0,0,0,0,0,0,0,0,3
লালন-গীতিকা/এ_দেশেতে_এই_সুখ_হল,0,1,0,0,0,0,0,0,0,0,0,0,0,0,0,1
লালন-গীতিকা/এ_বড়_আজব_কুদরতি,0,0,0,0,0,0,0,0,0,1,0,0,0,0,0,1
লালন-গীতিকা/এমন_মানব_জনম_আর_কি_হবে,0,2,0,0,0,0,0,0,0,0,0,0,0,0,0,2
লালন-গীতিকা/ও_সে_ফুলের_মর্ম_জানতে_হয়,0,0,0,0,0,0,0,0,0,1,0,0,0,0,0,1
লালন-গীতিকা/ওরে_মন_আমার_গেল_জানা,0,2,0,0,0,0,0,0,0,0,0,0,0,0,0,2
লালন-গীতিকা/কয়_দমেতে_বাজে_ঘড়ি_করবে_ঠিকানা,0,0,0,0,0,0,0,0,0,1,0,0,0,0,0,1
লালন-গীতিকা/কাল_কাটালি_কালের_বশে,0,2,0,0,0,0,0,0,0,0,0,0,0,0,0,2
লালন-গীতিকা/কি_করি_কোন_পথে_যাই_মনে_কিছু,0,1,0,0,0,0,0,0,0,0,0,0,0,0,0,1
লালন-গীতিকা/কি_সন্ধানে_যাই_সেখানে,0,1,0,0,0,0,0,0,0,0,0,0,0,0,0,1
লালন-গীতিকা/কিবা_শোভা_দ্বিদলের_‘পরে,0,0,0,0,0,0,0,0,0,1,0,0,0,0,0,1
লালন-গীতিকা/কিসে_আর_বোঝাই_মন_তোরে,0,0,0,0,0,2,0,0,0,1,0,0,0,0,0,3
লালন-গীতিকা/কোন_রসে_কোন_রতির_খেলা,0,3,0,0,0,0,0,0,0,1,0,0,0,0,0,4
লালন-গীতিকা/খাঁচার_ভিতর_অচিন_পাখী_কেমনে_আসে_যায়,0,0,0,0,0,0,0,0,0,1,0,0,0,0,0,1
লালন-গীতিকা/খাকে_গড়লো_পিঞ্জিরে,0,0,0,0,0,0,0,0,0,1,0,0,0,0,0,1
লালন-গীতিকা/ঘরের_মধ্যে_ঘর_বেঁধেছেন,0,0,0,0,0,0,0,0,0,1,0,0,0,0,0,1
লালন-গীতিকা/চারটি_চন্দ্র_ভাবের_ভুবনে,0,0,0,0,0,0,0,0,0,1,0,0,0,0,0,1
লালন-গীতিকা/চিরকাল_জল_ছেঁচে_আমার_জল,0,0,0,0,0,0,0,0,0,1,0,0,0,0,0,1
লালন-গীতিকা/জানা_চাই_অমাবস্যায়_চাঁদ_থাকে_কোথায়,0,0,0,0,0,0,0,0,0,1,0,0,0,0,0,1
লালন-গীতিকা/দিল_দরিয়ার_মাঝে_দেখলাম_আজব_কারখানা,0,0,0,0,0,0,0,0,0,1,0,0,0,0,0,1
লালন-গীতিকা/দিল_দরিয়ার_মাঝে_রে_মন,0,0,0,0,0,0,0,0,0,1,0,0,0,0,0,1
লালন-গীতিকা/দেখ_না_মন_ঝকমারি_এই_দুনিয়াদারী,0,0,0,0,0,0,0,0,0,0,0,0,0,1,0,1
লালন-গীতিকা/দেখ_রে_দিন_কোথা_হইতে_হয়,0,0,0,0,0,0,0,0,0,1,0,0,0,0,0,1
লালন-গীতিকা/দেহের_খবর_বলি_শোন_রে_মন,0,0,0,0,0,0,0,0,0,1,0,0,0,0,0,1
লালন-গীতিকা/ধড়ে_কোথায়_মক্কা-মদিনা,0,0,0,0,0,0,0,0,0,1,0,0,0,0,0,1
লালন-গীতিকা/ধন্য_ধন্য_বলি_তারে,0,0,0,0,0,0,0,0,0,2,0,0,0,0,0,2
লালন-গীতিকা/ধর_চোর_হাওয়ার_ঘরে_ফান্দ_পেতে,0,0,0,0,0,0,0,0,0,1,0,0,0,0,0,1
লালন-গীতিকা/না_জেনে_ঘরের_খবর_তাকাই_আসমানে,0,0,0,0,0,0,0,0,0,1,0,0,0,0,0,1
লালন-গীতিকা/নিরাকার_ভাসছে_রে_এক_ফুল,0,0,0,0,0,0,0,0,0,1,0,0,0,0,0,1
লালন-গীতিকা/বসত_বাড়ীর_ঝগড়া-কেজে,0,0,0,0,0,0,0,0,0,1,0,0,0,0,0,1
লালন-গীতিকা/বেদে_কি_তার_মরম_জানে,0,0,0,0,0,0,0,0,0,1,0,0,0,0,0,1
লালন-গীতিকা/ভূমিকা,0,0,0,0,0,0,0,0,0,1,0,0,0,0,0,1
লালন-গীতিকা/মধুর_দেল_দরিয়ায়_ডুবিয়া_কর_ফকিরি,0,0,0,0,0,0,0,0,0,1,0,0,0,0,0,1
লালন-গীতিকা/মন_কি_তুই_ভোড়ুয়া_বাঙ্গাল_জ্ঞান_ছাড়া,0,0,0,0,0,0,0,0,0,1,0,0,0,0,0,1
লালন-গীতিকা/মন_রে_আত্মতত্ত্ব_না_জানিলে,0,1,0,0,0,0,0,0,0,0,0,0,0,0,0,1
লালন-গীতিকা/মানবদেহের_ভাব_জেনে_কর_সাধনা,0,0,0,0,0,0,0,0,0,1,0,0,0,0,0,1
লালন-গীতিকা/মুর্শিদের_ঠাঁই_নে_নারে_তার_ভেদ_বুঝে,0,1,0,0,0,0,0,0,0,0,0,0,0,0,0,1
লালন-গীতিকা/যে_জন_হাওয়ার_ঘরে_ফাঁদ_পেতেছে,0,0,0,0,0,0,0,0,0,1,0,0,0,0,0,1
লালন-গীতিকা/শহরে_ষোল_জনা_বোম্বেটে,0,0,0,0,0,0,0,0,0,1,0,0,0,0,0,1
লালন-গীতিকা/সদা_মন_থেকো_রে_হুঁস,0,0,0,1,0,0,0,0,0,0,0,0,0,0,0,1
লালন-গীতিকা/সব_লোকে_কয়_লালন_কি_জাত_সংসারে,0,2,0,0,0,0,0,0,0,0,0,0,0,0,0,2
লালন-গীতিকা/সময়_গেলে_সাধন_হবে_না,0,1,0,0,0,0,0,0,0,0,0,0,0,0,0,1
লালন-গীতিকা/সুফলা_ফলাচ্ছে_গুরু_মনের_ভাব_জেনে,0,0,0,0,0,0,0,0,0,1,0,0,0,0,0,1
লালন-গীতিকা/হাওয়ার_ঘরে_দম_আটকা_পড়েছে,0,0,0,0,0,0,0,0,0,1,0,0,0,0,0,1
লালন-গীতিকা/হায়_একি_কলের_ঘরখানি_বেঁধে,0,0,0,0,0,0,0,0,0,1,0,0,0,0,0,1
লালন-গীতিকা/হায়_কি_আজব_কল_বটে,0,0,0,0,0,0,0,0,0,1,0,0,0,0,0,1
লালন-গীতিকা/হুজুরে_কার_হবে_রে_নিকাশ_দেনা,0,0,0,0,0,0,0,0,0,1,0,0,0,0,0,1
লালু,0,2,0,0,0,0,0,0,0,0,0,0,0,0,0,2
লিপিকা,0,3,0,0,0,0,0,0,0,3,0,0,0,0,0,6
লিপিকা/কর্ত্তার_ভূত,0,5,0,1,0,0,0,0,0,0,0,0,0,0,0,6
লিপিকা/তোতা-কাহিনী,0,12,0,0,0,0,0,0,0,3,0,0,0,0,0,15
লিপিকা/নামের_খেলা,0,1,0,0,0,0,0,0,0,0,0,0,0,0,0,1
লিপিকা/পট,0,0,0,0,0,0,0,0,0,1,0,0,0,0,0,1
লিপিকা/পায়ে_চলার_পথ,0,3,0,0,0,0,0,0,0,0,0,0,0,0,0,3
লিপিকা/বাঁশি,0,1,0,0,0,0,0,0,0,0,0,0,0,0,0,1
লিপিকা/বাণী,0,2,0,0,0,0,0,0,0,0,0,0,0,0,0,2
লিপিকা/বিদূষক,0,1,0,0,0,0,0,0,0,0,0,0,1,0,0,2
লিপিকা/ভুল_স্বর্গ,0,0,0,0,0,0,0,0,0,0,0,0,0,1,0,1
লিপিকা/মেঘলা_দিনে,0,0,0,0,0,0,0,0,0,1,0,0,0,0,0,1
লিপিকা/রথযাত্রা,0,0,0,0,0,0,0,0,0,1,0,0,0,0,0,1
লিপিকা/সুয়োরাণীর_সাধ,0,2,0,0,0,0,0,0,0,0,0,0,0,0,0,2
লোকসাহিত্য,0,2,0,0,0,2,0,0,0,1,0,0,0,0,0,5
লোকসাহিত্য/কবি-সংগীত,0,0,0,0,0,0,0,0,0,0,0,0,0,1,0,1
লোকসাহিত্য/ছেলেভুলানো_ছড়া_:_১,0,0,0,0,0,0,0,0,0,1,0,0,0,0,0,1
লোকসাহিত্য/ছেলেভুলানো_ছড়া_:_২,0,1,0,0,0,0,0,0,0,1,0,0,0,0,0,2
ল্যাবরেটরি,0,0,0,0,0,0,0,0,0,1,0,0,0,1,0,2
শকুন্তলা_(অবনীন্দ্রনাথ_ঠাকুর),0,0,0,0,0,0,0,0,0,1,0,0,0,0,0,1
শকুন্তলা_(আদি_ব্রাহ্মসমাজ_সংস্করণ),0,2,0,2,0,0,0,0,0,0,0,0,0,0,0,4
শকুন্তলা_(আদি_ব্রাহ্মসমাজ_সংস্করণ)/তপোবনে,0,0,0,0,0,0,0,0,0,1,0,0,1,1,0,3
শকুন্তলা_(আদি_ব্রাহ্মসমাজ_সংস্করণ)/দুষ্মন্ত,0,0,0,0,0,0,0,0,0,1,0,0,0,0,0,1
শকুন্তলা_(আদি_ব্রাহ্মসমাজ_সংস্করণ)/রাজপুরে,0,1,0,0,0,0,0,0,0,0,0,0,0,0,0,1
শকুন্তলা_(আদি_ব্রাহ্মসমাজ_সংস্করণ)/শকুন্তলা,0,0,0,0,0,0,0,0,0,1,0,0,0,0,0,1
শকুন্তলা_(সিগনেট_প্রেস_সংস্করণ),0,6,0,48,0,37,22,0,0,15,0,0,0,0,0,128
শকুন্তলা_(সিগনেট_প্রেস_সংস্করণ)/শকুন্তলা,0,0,0,0,0,1,0,0,0,0,0,0,0,0,0,1
শান্তিনিকেতন,0,2,0,0,0,1,0,0,0,0,0,0,1,0,0,4
শান্তিনিকেতন/ত্যাগ,0,1,0,0,0,0,0,0,0,0,0,0,0,0,0,1
শান্তিনিকেতন/ত্যাগের_ফল,0,1,0,0,0,0,0,0,0,0,0,0,0,0,0,1
শান্তিনিকেতন/দুঃখ,0,1,0,0,0,0,0,0,0,0,0,0,0,0,0,1
শান্তিনিকেতন/সংশয়,0,0,0,0,0,0,0,0,0,1,0,0,0,0,0,1
শান্তিনিকেতন/সামঞ্জস্য,0,1,0,0,0,0,0,0,0,0,0,0,0,0,0,1
শান্তিনিকেতন_ব্রহ্মচর্যাশ্রম,0,4,0,0,0,3,0,0,0,2,0,0,0,0,0,9
শিক্ষা/বিশ্ববিদ্যালয়ের_রূপ,0,0,0,0,0,0,0,0,0,1,0,0,0,0,0,1
শিক্ষা/শিক্ষা-সংস্কার,0,1,0,0,0,0,0,0,0,0,0,0,0,0,0,1
শিক্ষা/শিক্ষার_স্বাঙ্গীকরণ,0,1,0,0,0,0,0,0,0,0,0,0,0,0,0,1
শিক্ষা/শিক্ষার_হেরফের,0,12,0,0,0,0,0,0,0,0,0,0,0,0,0,12
শিক্ষা/স্ত্রীশিক্ষা,0,3,0,0,0,0,0,0,0,0,0,0,0,0,0,3
শিশু_ভোলানাথ,0,6,0,0,0,4,0,0,0,5,0,0,0,0,0,15
শিশু_ভোলানাথ/বাউল,0,1,0,0,0,0,0,0,0,0,0,0,0,0,0,1
শিশু_ভোলানাথ/সঞ্চয়িতা,0,2,0,0,0,0,0,0,0,0,0,0,0,0,0,2
শিশু_ভোলানাথ/সাত-সমুদ্র-পারে,0,1,0,0,0,0,0,0,0,0,0,0,0,0,0,1
শিশূপদেশ,0,3,0,0,0,0,0,0,0,0,0,0,0,0,0,3
শৃঙ্গার_নিরুপণ,0,0,0,0,0,0,0,0,2,0,0,0,0,0,0,2
শেষ_লেখা,0,65,0,57,0,52,35,0,0,21,0,0,0,0,0,230
শেষ_লেখা/১১,0,2,0,0,0,1,0,0,0,2,0,0,0,0,0,5
শেষ_লেখা/১২,0,0,0,0,0,0,0,0,0,1,0,0,0,0,0,1
শেষ_লেখা/১৪,0,0,0,1,0,0,0,0,0,0,0,0,0,0,0,1
শেষ_লেখা/১৫,0,2,0,0,0,0,0,0,0,0,0,0,0,0,0,2
শেষ_লেখা/৩,0,0,0,0,0,0,0,0,0,1,0,0,0,0,0,1
শেষ_লেখা/৪,0,0,0,0,0,0,0,0,0,1,0,0,0,0,0,1
শেষ_লেখা/৫,0,0,0,0,0,0,0,0,0,1,0,0,0,0,0,1
শেষ_লেখা/৬,0,1,0,0,0,0,0,0,0,0,0,0,0,0,0,1
শেষ_লেখা/৭,0,0,0,0,0,0,0,0,0,1,0,0,0,0,0,1
শেষ_লেখা/৯,0,0,0,0,0,0,0,0,0,1,0,0,0,0,0,1
শেষ_সপ্তক,0,7,0,0,0,4,0,0,0,2,0,0,0,0,0,13
শেষের_কবিতা,0,36,0,2,0,5,0,0,0,1,0,0,0,0,0,44
শেষের_কবিতা/অমিত-চরিত,0,1,0,0,0,0,0,0,0,0,0,0,0,0,0,1
শেষের_কবিতা/ঘটকালি,0,0,0,2,0,0,0,0,0,0,0,0,0,0,0,2
শেষের_কবিতা/লাবণ্য-_তর্ক,0,1,0,1,0,1,0,0,0,1,0,0,0,1,0,5
শেষের_কবিতা/শেষের_কবিতা,0,1,0,1,0,1,0,0,0,3,0,0,0,0,0,6
শৈশব_সঙ্গীত,0,5,0,0,0,5,0,0,0,2,0,0,0,0,0,12
শ্মশান,0,1,0,0,0,0,0,0,0,0,0,0,0,0,0,1
শ্রীকান্ত_(প্রথম_পর্ব),0,12,0,0,0,4,0,0,0,2,0,0,0,0,0,18
শ্রীকান্ত_(প্রথম_পর্ব)/দ্বিতীয়_পরিচ্ছেদ,0,4,0,0,0,0,0,0,0,0,0,0,0,0,0,4
শ্রীকান্ত_(প্রথম_পর্ব)/প্রথম_পরিচ্ছেদ,0,5,0,1,0,1,0,0,0,1,0,0,0,0,0,8
শ্রীকান্ত_(প্রথম_পর্ব)/সপ্তম_পরিচ্ছেদ,0,1,0,0,0,0,0,0,0,0,0,0,0,0,0,1
শ্রীশ্রীকালী_কীর্ত্তন,0,1,0,0,0,1,0,0,0,0,0,0,0,0,0,2
শ্রীশ্রীকালী_কীর্ত্তন/কেবল_আসার_আসা_ভবে_আসা_আসা_মাত্র_হলো,0,2,0,0,0,0,0,0,0,0,0,0,0,0,0,2
শ্রীশ্রীকালী_কীর্ত্তন/জান_না_রে_মন_পরম_কারণ_কালী_কেবল_মেয়ে_নয়,0,1,0,0,0,0,0,0,0,0,0,0,0,0,0,1
শ্রীশ্রীকালী_কীর্ত্তন/দুঃখের_কথা_শোন_মা_তারা,0,0,0,1,0,0,0,0,0,0,0,0,0,0,0,1
শ্রীশ্রীকালী_কীর্ত্তন/সদানন্দময়ী_কালী,0,3,0,0,0,0,0,0,0,0,0,0,0,0,0,3
শ্রীশ্রীকৃষ্ণকালী-পদাবলী,0,2,0,0,0,1,0,0,0,0,0,0,0,0,0,3
শ্রীশ্রীরামকৃষ্ণকথামৃত/৩/তৃতীয়_পরিচ্ছেদ,0,1,0,0,0,0,0,0,0,0,0,0,0,0,0,1
শ্রীশ্রীহরি_লীলামৃত,0,1,0,0,0,0,0,0,0,0,0,0,0,0,0,1
শ্রীশ্রীহরি_লীলামৃত/আদি_খণ্ড/তৃতীয়_তরঙ্গ/৭,0,2,0,0,0,0,0,0,0,0,0,0,0,0,0,2
শ্রীশ্রীহরি_লীলামৃত/আদি_খণ্ড/দ্বিতীয়_তরঙ্গ/৯,0,0,0,0,0,0,0,0,0,0,0,0,0,1,0,1
শ্রীশ্রীহরি_লীলামৃত/আদি_খণ্ড/পঞ্চম_তরঙ্গ/৬,0,0,0,0,0,0,0,0,0,2,0,0,0,0,0,2
শ্রীশ্রীহরি_লীলামৃত/আদি_খণ্ড/পঞ্চম_তরঙ্গ/৯,0,0,0,0,0,0,0,0,0,0,0,0,0,1,0,1
শ্রীশ্রীহরি_লীলামৃত/আদি_খণ্ড/প্রথম_তরঙ্গ/২,0,0,0,0,0,0,0,0,0,1,0,0,0,0,0,1
শ্রীশ্রীহরি_লীলামৃত/আদি_খণ্ড/প্রথম_তরঙ্গ/৩,0,1,0,0,0,0,0,0,0,0,0,0,0,0,0,1
শ্রীশ্রীহরি_লীলামৃত/আদি_খণ্ড/ষষ্ঠ_তরঙ্গ/৮,0,0,0,0,0,0,0,0,0,1,0,0,0,0,0,1
ষোল-আনি,0,0,0,0,0,0,0,0,0,1,0,0,0,0,0,1
সকলি_তোমারি_ইচ্ছা,0,0,0,0,0,0,0,0,0,5,0,0,0,0,0,5
সঙ্গীত-সুধা,0,2,0,0,0,2,0,0,0,0,0,0,0,0,0,4
সতী,0,12,0,0,0,6,0,0,0,3,0,0,0,1,0,22
সতী/৪,0,0,0,0,0,0,0,0,0,1,0,0,0,0,0,1
সত্যাশ্রয়ী,0,1,0,0,0,0,0,0,0,0,0,0,0,0,0,1
সনেট-পঞ্চাশৎ,0,6,0,0,0,2,0,0,0,5,0,0,0,0,0,13
সনেট-পঞ্চাশৎ/সনেট,0,0,0,0,0,0,0,0,0,1,0,0,0,0,0,1
সন্ধ্যা_সঙ্গীত,0,7,0,0,0,1,0,0,0,0,0,0,0,0,0,8
সভ্যতার_পাণ্ডা,0,26,0,0,0,20,0,0,0,8,0,0,0,0,0,54
সভ্যতার_সংকট,0,21,0,0,0,1,0,0,0,2,0,0,0,0,0,24
সমবায়নীতি,0,3,0,0,0,4,0,0,0,1,0,0,0,0,0,8
সমাজ,0,2,0,0,0,0,0,0,0,3,0,0,0,0,0,5
সমাজ-ধর্মের_মূল্য,0,1,0,0,0,0,0,0,0,0,0,0,0,0,0,1
সমাজ/সত্য,0,0,0,0,0,1,0,0,0,0,0,0,0,0,0,1
সমারূঢ়,0,0,0,1,0,0,0,0,0,1,0,0,0,0,0,2
সমালোচনা,0,1,0,0,0,1,0,0,0,0,0,0,0,0,0,2
সমূহ,0,3,0,0,0,1,0,0,0,0,0,0,0,0,0,4
সমূহ/ইংরাজের_আতঙ্ক,0,0,0,0,0,0,0,0,0,1,0,0,0,0,0,1
সাতই_মার্চের_ভাষণ,0,0,0,1,0,0,0,0,0,0,0,0,0,0,0,1
সাতটি_তারার_তিমির,0,0,0,0,0,1,0,0,0,2,0,0,0,1,0,4
সানাই,0,4,0,0,0,1,0,0,0,0,0,0,0,0,0,5
সাম্য,0,1,0,0,0,0,0,0,0,0,0,0,0,0,0,1
সারদামঙ্গল,0,3,0,2,0,1,0,0,0,0,0,0,1,1,0,8
সাহিত্য,0,57,0,0,0,25,0,0,0,7,0,0,0,1,0,90
সাহিত্য/আলস্য_ও_সাহিত্য,0,1,0,0,0,0,0,0,0,0,0,0,0,0,0,1
সাহিত্য/আলোচনা,0,1,0,0,0,0,0,0,0,0,0,0,0,0,0,1
সাহিত্য/ঐতিহাসিক_উপন্যাস,0,5,0,0,0,0,0,0,0,1,0,0,0,0,0,6
সাহিত্য/কবিজীবনী,0,1,0,0,0,0,0,0,0,0,0,0,0,0,0,1
সাহিত্য/কাব্য,0,1,0,0,0,0,0,0,0,0,0,0,0,0,0,1
সাহিত্য/কাব্য:_স্পষ্ট_এবং_অস্পষ্ট,0,1,0,0,0,0,0,0,0,0,0,0,0,0,0,1
সাহিত্য/বঙ্গভাষা_ও_সাহিত্য,0,1,0,0,0,0,0,0,0,0,0,0,0,0,0,1
সাহিত্য/বাংলা-লেখক,0,1,0,0,0,0,0,0,0,0,0,0,0,0,0,1
সাহিত্য/বাংলা_জাতীয়_সাহিত্য,0,1,0,0,0,0,0,0,0,0,0,0,0,1,0,2
সাহিত্য/বাংলাসাহিত্যের_প্রতি_অবজ্ঞা,0,1,0,0,0,0,0,0,0,0,0,0,0,0,0,1
সাহিত্য/বিশ্বসাহিত্য,0,1,0,0,0,0,0,0,0,0,0,0,0,0,0,1
সাহিত্য/মানবপ্রকাশ,0,1,0,0,0,0,0,0,0,0,0,0,0,0,0,1
সাহিত্য/সাহিত্য,0,1,0,0,0,0,0,0,0,0,0,0,0,0,0,1
সাহিত্য/সাহিত্য_ও_সভ্যতা,0,1,0,0,0,0,0,0,0,0,0,0,0,0,0,1
সাহিত্য/সাহিত্যসৃষ্টি,0,1,0,0,0,0,0,0,0,0,0,0,0,0,0,1
সাহিত্য/সাহিত্যের_উদ্দেশ্য,0,1,0,0,0,0,0,0,0,0,0,0,0,0,0,1
সাহিত্য/সাহিত্যের_গৌরব,0,3,0,0,0,0,0,0,0,0,0,0,0,0,0,3
সাহিত্য/সাহিত্যের_তাৎপর্য,0,9,0,0,0,0,0,0,0,0,0,0,0,0,0,9
সাহিত্য/সাহিত্যের_প্রাণ,0,1,0,0,0,0,0,0,0,0,0,0,0,0,0,1
সাহিত্য/সাহিত্যের_বিচারক,0,2,0,0,0,0,0,0,0,0,0,0,0,0,0,2
সাহিত্য/সাহিত্যের_সামগ্রী,0,4,0,0,0,0,0,0,0,0,0,0,0,0,0,4
সাহিত্য/সৌন্দর্য_ও_সাহিত্য,0,1,0,0,0,0,0,0,0,0,0,0,0,0,0,1
সাহিত্য/সৌন্দর্যবোধ,0,1,0,0,0,0,0,0,0,0,0,0,0,0,0,1
সাহিত্য_সম্মিলনের_রূপ,0,2,0,0,0,0,0,0,0,0,0,0,0,0,0,2
সাহিত্যের_আর_একটা_দিক,0,1,0,0,0,0,0,0,0,0,0,0,0,0,0,1
সিপাহী_বিদ্রোহ,0,2,0,0,0,0,0,0,0,0,0,0,1,0,0,3
সুচিকিৎসা,0,1,0,0,0,0,0,0,0,0,0,0,0,0,0,1
সুরকার_রবীন্দ্রনাথ,0,0,0,0,0,0,0,0,0,0,0,0,1,0,0,1
সূক্ষ্মবিচার,0,1,0,0,0,0,0,0,0,1,0,0,0,0,0,2
সে,0,3,0,0,0,0,0,0,0,0,0,0,0,0,0,3
সোনার_তরী,0,9,0,0,0,6,0,0,0,4,0,0,0,0,0,19
সোনার_তরী/তোমরা_ও_আমরা,0,0,0,0,0,1,0,0,0,0,0,0,0,0,0,1
সোনার_তরী/দুই_পাখি,0,2,0,0,0,0,0,0,0,0,0,0,0,0,0,2
সোনার_তরী/পরশপাথর,0,1,0,0,0,0,0,0,0,0,0,0,0,0,0,1
সোনার_তরী/বর্ষাযাপন,0,2,0,0,0,0,0,0,0,0,0,0,0,0,0,2
সোনার_তরী/বিম্ববতী,0,2,0,0,0,0,0,0,0,0,0,0,0,0,0,2
সোনার_তরী/বৈষ্ণবকবিতা,0,1,0,0,0,0,0,0,0,1,0,0,0,0,0,2
সোনার_তরী/সোনার_তরী,0,4,0,0,0,0,0,0,0,1,0,0,0,0,0,5
স্কন্দ_পুরাণ,0,0,0,0,0,0,0,0,0,1,0,0,0,0,0,1
স্ত্রীজাতির_অবনতি,0,2,0,0,0,0,0,0,0,1,0,0,0,0,0,3
স্ত্রীস্বাধীনতা_ও_স্ত্রীশিক্ষা,0,9,0,1,0,0,0,0,0,0,0,0,0,0,0,10
স্পেনীয়_মুসলমান_সভ্যতা,0,4,0,0,0,5,0,0,0,4,0,0,0,1,0,14
স্পেনীয়_মুসলমান_সভ্যতা/দ্বিতীয়_অধ্যায়,0,0,0,0,0,0,0,0,0,1,0,0,0,0,0,1
স্পেনীয়_মুসলমান_সভ্যতা/প্রথম_অধ্যায়,0,1,0,0,0,0,0,0,0,0,0,0,0,0,0,1
স্ফুলিঙ্গ,0,11,0,0,0,2,0,0,0,0,0,0,0,1,0,14
স্ফুলিঙ্গ/১৩৩,0,0,0,0,0,0,0,0,0,1,0,0,0,0,0,1
স্বদেশ,0,2,0,0,0,3,0,0,0,2,0,0,0,0,0,7
স্বপ্নলব্ধ_ভারতবর্ষের_ইতিহাস,0,53,0,3,0,32,0,0,0,12,0,0,0,1,0,101
স্বপ্নলব্ধ_ভারতবর্ষের_ইতিহাস/প্রথম_পরিচ্ছেদ,0,1,0,0,0,0,0,0,0,0,0,0,0,1,0,2
স্বর্গীয়_প্রহসন,0,0,0,0,0,0,0,0,0,0,0,0,1,0,0,1
স্মরণ,0,14,0,58,0,32,23,0,0,7,0,0,0,0,0,134
স্মরণ/২,0,0,0,0,0,0,0,0,0,1,0,0,0,0,0,1
স্মরণ/২৬,0,2,0,0,0,0,0,0,0,0,0,0,0,0,0,2
স্মরণ/২৭,0,0,0,0,0,0,0,0,0,2,0,0,0,0,0,2
স্মৃতি,0,0,0,1,0,0,0,0,0,0,0,0,0,0,0,1
স্মৃতিকথা,0,8,0,5,0,5,0,0,0,1,0,0,0,0,0,19
স্মৃতিকথা/বিবাহের_কথা,0,0,0,0,0,0,0,0,0,0,0,0,1,0,0,1
হ_য_ব_র_ল,0,37,0,1,0,5,0,0,0,7,0,0,0,0,0,50
হরিচরণ,0,1,0,0,0,0,0,0,0,0,0,0,0,0,0,1
হরিলক্ষ্মী,0,1,0,0,0,0,0,0,0,0,0,0,0,0,0,1
হাওয়ার_রাত,0,0,0,0,0,0,0,0,0,1,0,0,0,0,0,1
হায়_চিল,0,0,0,0,0,0,0,0,0,2,0,0,0,0,0,2
হাস্যকৌতুক,0,12,0,0,0,3,0,0,0,2,0,0,0,0,0,17
হিংসুটিদের_গান,0,1,0,0,0,0,0,0,0,0,0,0,0,0,0,1
হিতদীপ,0,8,0,0,0,6,0,0,0,1,0,0,0,0,0,15
হিতদীপ/উদ্যম,0,0,0,0,0,0,0,0,0,0,0,0,1,0,0,1
হিন্দুজাতি;_তাহার_বর্ত্তমান_অভাব_ও_তাহার_কর্ত্তব্য,0,23,0,0,0,36,0,0,0,7,0,0,0,0,0,66
হেঁয়ালিনাট্য,0,0,0,0,0,0,0,0,0,1,0,0,0,0,0,1
১৩৩৩,0,0,0,0,0,0,0,0,0,1,0,0,0,0,0,1
১৫১৩_সাল,0,51,0,23,0,25,0,0,0,8,0,0,0,1,0,108
১৯০৫_সালে_বাংলা,0,2,0,0,0,0,0,0,0,0,0,0,0,0,0,2
৫৭তম_জন্মদিনে_প্রতিভাষণ,0,1,0,2,0,0,0,0,0,0,0,0,1,0,0,4
‎শকুন্তলা_(সিগনেট_প্রেস_সংস্করণ),0,3,0,0,0,13,0,0,0,1,0,0,0,0,0,17
